{
    "replace": false,
    "values": [
        {
            "id": "terralith:desert_oasis",
            "required": false
        },
        {
            "id": "terralith:warped_mesa",
            "required": false
        },
        {
            "id": "biomesoplenty:lush_desert",
            "required": false
        },
        {
            "id": "byg:windswept_desert",
            "required": false
        },
        {
            "id": "byg:windswept_dunes",
            "required": false
        },
        {
            "id": "vare:desert_lakes",
            "required": false
        },
        {
            "id": "vare:desert_island",
            "required": false
        },
        {
            "id": "terrestria:lush_desert",
            "required": false
        },
        {
            "id": "jermsy:desert_hills",
            "required": false
        }
    ]
}