{
    "replace": false,
    "values": [
        {
            "id": "vare:dripleaf_swamp",
            "required": false
        },        
        {
            "id": "vare:flooded_jungle",
            "required": false
        },
        {
            "id": "vare:flooded_rainforest",
            "required": false
        },        
        {
            "id": "vare:flooded_savanna",
            "required": false
        },
        {
            "id": "vare:flooded_temperate_rainforest",
            "required": false
        },        
        {
            "id": "vare:pantanal",
            "required": false
        }
    ]
}