{
  "feature": "minecraft:spring_lava_overworld",
  "placement": [
    {
      "type": "minecraft:count",
      "count": 0
    },
    {
      "type": "minecraft:in_square"
    },
    {
      "type": "minecraft:height_range",
      "height": {
        "type": "minecraft:very_biased_to_bottom",
        "min_inclusive": {
          "above_bottom": 0
        },
        "max_inclusive": {
          "below_top": 8
        },
        "inner": 8
      }
    },
    {
      "type": "minecraft:biome"
    }
  ]
}
