{
    "config": {
        "feature": {
            "feature": {
                "config": {
                    "allowed_placement": {
                        "blocks": "#vare:dirt",
                        "type": "minecraft:matching_blocks"
                    },
                    "direction": "down",
                    "layers": [
                        {
                            "height": {
                                "min_inclusive": 1,
                                "max_inclusive": 2,
                                "type": "minecraft:uniform"
                            },
                            "provider": {
                                "state": {
                                    "Name": "minecraft:rooted_dirt"
                                },
                                "type": "minecraft:simple_state_provider"
                            }
                        }
                    ],
                    "prioritize_tip": false
                },
                "type": "minecraft:block_column"
            },
            "placement": [
                {
                    "predicate": {
                        "predicates": [
                            {
                                "blocks": "#vare:dirt",
                                "type": "minecraft:matching_blocks"
                            },
                            {
                                "predicate": {
                                    "blocks": "#vare:dirt",
                                    "offset": [
                                        0,
                                        1,
                                        0
                                    ],
                                    "type": "minecraft:matching_blocks"
                                },
                                "type": "minecraft:not"
                            }
                        ],
                        "type": "minecraft:all_of"
                    },
                    "type": "minecraft:block_predicate_filter"
                }
            ]
        },
        "tries": 12,
        "xz_spread": 1,
        "y_spread": 2
    },
    "type": "minecraft:random_patch"
}