{
    "config": {
        "features": [
            {
                "feature": {
                    "config": {
                        "features": [
                            {
                                "feature": {
                                    "config": {
                                        "decorators": [
                                            {
                                                "block_provider": {
                                                    "state": {
                                                        "Name": "minecraft:spruce_leaves",
                                                        "Properties": {
                                                            "distance": "2",
                                                            "persistent": "false",
                                                            "waterlogged": "false"
                                                        }
                                                    },
                                                    "type": "minecraft:simple_state_provider"
                                                },
                                                "directions": [
                                                    "down"
                                                ],
                                                "exclusion_radius_xz": 0,
                                                "exclusion_radius_y": 0,
                                                "probability": 0.02,
                                                "required_empty_blocks": 2,
                                                "type": "minecraft:attached_to_leaves"
                                            }
                                        ],
                                        "dirt_provider": {
                                            "state": {
                                                "Name": "minecraft:air"
                                            },
                                            "type": "minecraft:simple_state_provider"
                                        },
                                        "foliage_placer": {
                                            "height": 1,
                                            "offset": 1,
                                            "radius": 0,
                                            "type": "minecraft:jungle_foliage_placer"
                                        },
                                        "foliage_provider": {
                                            "state": {
                                                "Name": "minecraft:spruce_leaves",
                                                "Properties": {
                                                    "distance": "1",
                                                    "persistent": "false",
                                                    "waterlogged": "false"
                                                }
                                            },
                                            "type": "minecraft:simple_state_provider"
                                        },
                                        "force_dirt": false,
                                        "ignore_vines": true,
                                        "minimum_size": {
                                            "limit": 0,
                                            "lower_size": 0,
                                            "upper_size": 0,
                                            "type": "minecraft:two_layers_feature_size"
                                        },
                                        "trunk_placer": {
                                            "base_height": 1,
                                            "height_rand_a": 0,
                                            "height_rand_b": 0,
                                            "type": "minecraft:straight_trunk_placer"
                                        },
                                        "trunk_provider": {
                                            "state": {
                                                "Name": "minecraft:spruce_log",
                                                "Properties": {
                                                    "axis": "z"
                                                }
                                            },
                                            "type": "minecraft:simple_state_provider"
                                        }
                                    },
                                    "type": "minecraft:tree"
                                },
                                "placement": [
                                    {
                                        "predicate": {
                                            "blocks": "#vare:tree_branch_replaceable",
                                            "type": "minecraft:matching_blocks"
                                        },
                                        "type": "minecraft:block_predicate_filter"
                                    },
                                    {
                                        "count": 16,
                                        "type": "minecraft:count"
                                    }
                                ]
                            },
                            {
                                "feature": {
                                    "config": {
                                        "features": [
                                            {
                                                "feature": {
                                                    "config": {
                                                        "to_place": {
                                                            "state": {
                                                                "Name": "minecraft:spruce_log",
                                                                "Properties": {
                                                                    "axis": "z"
                                                                }
                                                            },
                                                            "type": "minecraft:simple_state_provider"
                                                        }
                                                    },
                                                    "type": "minecraft:simple_block"
                                                },
                                                "placement": [
                                                    {
                                                        "predicate": {
                                                            "blocks": "minecraft:spruce_leaves",
                                                            "type": "minecraft:matching_blocks"
                                                        },
                                                        "type": "minecraft:block_predicate_filter"
                                                    }
                                                ]
                                            },
                                            {
                                                "feature": {
                                                    "config": {
                                                        "decorators": [],
                                                        "dirt_provider": {
                                                            "state": {
                                                                "Name": "minecraft:air"
                                                            },
                                                            "type": "minecraft:simple_state_provider"
                                                        },
                                                        "foliage_placer": {
                                                            "offset": 0,
                                                            "radius": 1,
                                                            "type": "minecraft:acacia_foliage_placer"
                                                        },
                                                        "foliage_provider": {
                                                            "state": {
                                                                "Name": "minecraft:spruce_leaves",
                                                                "Properties": {
                                                                    "distance": "1",
                                                                    "persistent": "false",
                                                                    "waterlogged": "false"
                                                                }
                                                            },
                                                            "type": "minecraft:simple_state_provider"
                                                        },
                                                        "force_dirt": false,
                                                        "ignore_vines": true,
                                                        "minimum_size": {
                                                            "limit": 1,
                                                            "lower_size": 0,
                                                            "upper_size": 0,
                                                            "type": "minecraft:two_layers_feature_size"
                                                        },
                                                        "trunk_placer": {
                                                            "base_height": 1,
                                                            "height_rand_a": 0,
                                                            "height_rand_b": 0,
                                                            "type": "minecraft:straight_trunk_placer"
                                                        },
                                                        "trunk_provider": {
                                                            "state": {
                                                                "Name": "minecraft:spruce_log",
                                                                "Properties": {
                                                                    "axis": "z"
                                                                }
                                                            },
                                                            "type": "minecraft:simple_state_provider"
                                                        }
                                                    },
                                                    "type": "minecraft:tree"
                                                },
                                                "placement": [
                                                    {
                                                        "predicate": {
                                                            "blocks": "minecraft:spruce_log",
                                                            "type": "minecraft:matching_blocks"
                                                        },
                                                        "type": "minecraft:block_predicate_filter"
                                                    },
                                                    {
                                                        "count": 8,
                                                        "type": "minecraft:count"
                                                    },
                                                    {
                                                        "xz_spread": {
                                                            "min_inclusive": -1,
                                                            "max_inclusive": 0,
                                                            "type": "minecraft:uniform"
                                                        },
                                                        "y_spread": -1,
                                                        "type": "minecraft:random_offset"
                                                    },
                                                    {
                                                        "predicate": {
                                                            "predicates": [
                                                                {
                                                                    "blocks": "#vare:tree_branch_replaceable",
                                                                    "type": "minecraft:matching_blocks"
                                                                },
                                                                {
                                                                    "blocks": "#vare:tree_branch_replaceable",
                                                                    "offset": [
                                                                        0,
                                                                        1,
                                                                        0
                                                                    ],
                                                                    "type": "minecraft:matching_blocks"
                                                                },
                                                                {
                                                                    "blocks": "minecraft:spruce_log",
                                                                    "offset": [
                                                                        0,
                                                                        1,
                                                                        1
                                                                    ],
                                                                    "type": "minecraft:matching_blocks"
                                                                },
                                                                {
                                                                    "blocks": "minecraft:spruce_log",
                                                                    "offset": [
                                                                        0,
                                                                        1,
                                                                        2
                                                                    ],
                                                                    "type": "minecraft:matching_blocks"
                                                                },
                                                                {
                                                                    "blocks": "minecraft:spruce_log",
                                                                    "offset": [
                                                                        0,
                                                                        -2,
                                                                        3
                                                                    ],
                                                                    "type": "minecraft:matching_blocks"
                                                                },
                                                                {
                                                                    "blocks": "#vare:tree_branch_replaceable",
                                                                    "offset": [
                                                                        0,
                                                                        0,
                                                                        1
                                                                    ],
                                                                    "type": "minecraft:matching_blocks"
                                                                },
                                                                {
                                                                    "blocks": "#vare:tree_branch_replaceable",
                                                                    "offset": [
                                                                        1,
                                                                        1,
                                                                        1
                                                                    ],
                                                                    "type": "minecraft:matching_blocks"
                                                                },
                                                                {
                                                                    "blocks": "#vare:tree_branch_replaceable",
                                                                    "offset": [
                                                                        -1,
                                                                        1,
                                                                        1
                                                                    ],
                                                                    "type": "minecraft:matching_blocks"
                                                                }
                                                            ],
                                                            "type": "minecraft:all_of"
                                                        },
                                                        "type": "minecraft:block_predicate_filter"
                                                    }
                                                ]
                                            }
                                        ]
                                    },
                                    "type": "minecraft:simple_random_selector"
                                },
                                "placement": [
                                    {
                                        "predicate": {
                                            "blocks": "minecraft:spruce_log",
                                            "type": "minecraft:matching_blocks"
                                        },
                                        "type": "minecraft:block_predicate_filter"
                                    },
                                    {
                                        "count": 8,
                                        "type": "minecraft:count"
                                    },
                                    {
                                        "xz_spread": {
                                            "min_inclusive": -1,
                                            "max_inclusive": 0,
                                            "type": "minecraft:uniform"
                                        },
                                        "y_spread": 0,
                                        "type": "minecraft:random_offset"
                                    },
                                    {
                                        "predicate": {
                                            "predicates": [
                                                {
                                                    "blocks": "minecraft:spruce_leaves",
                                                    "type": "minecraft:matching_blocks"
                                                },
                                                {
                                                    "blocks": "minecraft:spruce_log",
                                                    "offset": [
                                                        0,
                                                        0,
                                                        1
                                                    ],
                                                    "type": "minecraft:matching_blocks"
                                                },
                                                {
                                                    "blocks": "minecraft:spruce_log",
                                                    "offset": [
                                                        0,
                                                        0,
                                                        2
                                                    ],
                                                    "type": "minecraft:matching_blocks"
                                                },
                                                {
                                                    "blocks": "minecraft:spruce_log",
                                                    "offset": [
                                                        0,
                                                        -3,
                                                        2
                                                    ],
                                                    "type": "minecraft:matching_blocks"
                                                },
                                                {
                                                    "blocks": "#vare:tree_branch_replaceable",
                                                    "offset": [
                                                        1,
                                                        0,
                                                        0
                                                    ],
                                                    "type": "minecraft:matching_blocks"
                                                },
                                                {
                                                    "blocks": "#vare:tree_branch_replaceable",
                                                    "offset": [
                                                        -1,
                                                        0,
                                                        0
                                                    ],
                                                    "type": "minecraft:matching_blocks"
                                                }
                                            ],
                                            "type": "minecraft:all_of"
                                        },
                                        "type": "minecraft:block_predicate_filter"
                                    },
                                    {
                                        "count": 28,
                                        "type": "minecraft:count"
                                    }
                                ]
                            }
                        ]
                    },
                    "type": "minecraft:simple_random_selector"
                },
                "placement": [
                    {
                        "count": 16,
                        "type": "minecraft:count"
                    },
                    {
                        "xz_spread": {
                            "min_inclusive": -1,
                            "max_inclusive": 0,
                            "type": "minecraft:uniform"
                        },
                        "y_spread": -1,
                        "type": "minecraft:random_offset"
                    },
                    {
                        "predicate": {
                            "predicates": [
                                {
                                    "blocks": "#vare:tree_branch_replaceable",
                                    "type": "minecraft:matching_blocks"
                                },
                                {
                                    "blocks": "minecraft:spruce_log",
                                    "offset": [
                                        0,
                                        0,
                                        1
                                    ],
                                    "type": "minecraft:matching_blocks"
                                },
                                {
                                    "blocks": "minecraft:spruce_log",
                                    "offset": [
                                        0,
                                        -3,
                                        1
                                    ],
                                    "type": "minecraft:matching_blocks"
                                },
                                {
                                    "blocks": "#vare:tree_branch_replaceable",
                                    "offset": [
                                        1,
                                        0,
                                        0
                                    ],
                                    "type": "minecraft:matching_blocks"
                                },
                                {
                                    "blocks": "#vare:tree_branch_replaceable",
                                    "offset": [
                                        -1,
                                        0,
                                        0
                                    ],
                                    "type": "minecraft:matching_blocks"
                                },
                                {
                                    "predicate": {
                                        "blocks": "minecraft:spruce_log",
                                        "offset": [
                                            0,
                                            1,
                                            0
                                        ],
                                        "type": "minecraft:matching_blocks"
                                    },
                                    "type": "minecraft:not"
                                },
                                {
                                    "predicate": {
                                        "blocks": "minecraft:spruce_log",
                                        "offset": [
                                            0,
                                            2,
                                            0
                                        ],
                                        "type": "minecraft:matching_blocks"
                                    },
                                    "type": "minecraft:not"
                                },
                                {
                                    "predicate": {
                                        "blocks": "minecraft:spruce_log",
                                        "offset": [
                                            0,
                                            -1,
                                            0
                                        ],
                                        "type": "minecraft:matching_blocks"
                                    },
                                    "type": "minecraft:not"
                                },
                                {
                                    "predicate": {
                                        "blocks": "minecraft:spruce_log",
                                        "offset": [
                                            0,
                                            -2,
                                            0
                                        ],
                                        "type": "minecraft:matching_blocks"
                                    },
                                    "type": "minecraft:not"
                                }
                            ],
                            "type": "minecraft:all_of"
                        },
                        "type": "minecraft:block_predicate_filter"
                    },
                    {
                        "count": 28,
                        "type": "minecraft:count"
                    }
                ]
            }
        ]
    },
    "type": "minecraft:simple_random_selector"
}