{
    "replace": false,
    "values": [
        "minecraft:forest",
        {
            "id": "biomesoplenty:old_growth_woodland",
            "required": false
        },
        {
            "id": "biomesoplenty:woodland",
            "required": false
        },
        {
            "id": "byg:ebony_woods",
            "required": false
        },
        {
            "id": "byg:red_oak_forest",
            "required": false
        },
        {
            "id": "vare:ancient_copper_beech_forest",
            "required": false
        },
        {
            "id": "vare:ancient_emerald_beech_forest",
            "required": false
        },
        {
            "id": "vare:ancient_golden_beech_forest",
            "required": false
        },
        {
            "id": "vare:ancient_moss_forest",
            "required": false
        },
        {
            "id": "vare:forest_edge",
            "required": false
        },
        {
            "id": "terrestria:dense_woodlands",
            "required": false
        },
        {
            "id": "jermsy:sparse_forest",
            "required": false
        },
        {
            "id": "regions_unexplored:deciduous_forest",
            "required": false
        },
        {
            "id": "regions_unexplored:willow_forest",
            "required": false
        }
    ]
}