{
    "replace": true,
    "values": [
        "minecraft:desert",
        {
            "id": "byg:mojave_desert",
            "required": false
        },
        {
            "id": "vare:cactus_desert",
            "required": false
        },
        {
            "id": "vare:deep_desert",
            "required": false
        },
        {
            "id": "vare:temperate_rainforest",
            "required": false
        },
        {
            "id": "vare:wooded_desert",
            "required": false
        },
        {
            "id": "tectonic:desert_dunes",
            "required": false
        },
        {
            "id": "regions_unexplored:joshua_desert",
            "required": false
        },
        {
            "id": "regions_unexplored:saguaro_desert",
            "required": false
        }
    ]
}