{
    "replace": false,
    "values": [
        "minecraft:swamp",
        {
            "id": "terralith:ice_marsh",
            "required": false
        },
        {
            "id": "terralith:orchid_swamp",
            "required": false
        },
        {
            "id": "biomesoplenty:wetland",
            "required": false
        },
        {
            "id": "byg:cypress_swamplands",
            "required": false
        },
        {
            "id": "vare:ancient_mossy_swamp",
            "required": false
        },
        {
            "id": "vare:ancient_oak_swamp",
            "required": false
        },
        {
            "id": "vare:marsh",
            "required": false
        },
        {
            "id": "vare:waterlilly_swamp",
            "required": false
        },
        {
            "id": "regions_unexplored:fen",
            "required": false
        }
    ]
}