{
    "replace": false,
    "values": [
        "minecraft:badlands",
        {
            "id": "byg:autacama_desert",
            "required": false
        },
        {
            "id": "terralith:arid_highlands",
            "required": false
        },
        {
            "id": "terralith:red_oasis",
            "required": false
        },
        {
            "id": "terralith:snowy_badlands",
            "required": false
        },
        {
            "id": "vare:badlands_desert",
            "required": false
        },
        {
            "id": "vare:kwongan_heath",
            "required": false
        },
        {
            "id": "vare:outback_desert",
            "required": false
        },
        {
            "id": "vare:red_desert",
            "required": false
        },
        {
            "id": "tectonic:red_desert",
            "required": false
        },
        {
            "id": "tectonic:red_desert_dunes",
            "required": false
        },
        {
            "id": "jermsy:red_desert",
            "required": false
        },
        {
            "id": "regions_unexplored:outback",
            "required": false
        }
    ]
}