{
    "replace": false,
    "values": [
        "minecraft:jungle",
        {
            "id": "terralith:amethyst_rainforest",
            "required": false
        },
        {
            "id": "terralith:rocky_jungle",
            "required": false
        },
        {
            "id": "byg:tropical_rainforest",
            "required": false
        },
        {
            "id": "biomesoplenty:rainforest",
            "required": false
        },
        {
            "id": "biomesoplenty:rocky_rainforest",
            "required": false
        },
        {
            "id": "vare:eucalyptus_deanei_forest",
            "required": false
        },
        {
            "id": "vare:eucalyptus_jungle",
            "required": false
        },
        {
            "id": "vare:highland_tropical_rainforest",
            "required": false
        },
        {
            "id": "vare:jungle_island",
            "required": false
        },
        {
            "id": "vare:tropical_rainforest",
            "required": false
        },
        {
            "id": "jermsy:rainforest",
            "required": false
        },
        {
            "id": "regions_unexplored:old_growth_rainforest",
            "required": false
        },
        {
            "id": "regions_unexplored:rainforest",
            "required": false
        }
    ]
}