{
    "replace": true,
    "values": [
        "minecraft:meadow",
        {
            "id": "terralith:blooming_plateau",
            "required": false
        },
        {
            "id": "biomesoplenty:clover_patch",
            "required": false
        },
        {
            "id": "biomesoplenty:field",
            "required": false
        },
        {
            "id": "vare:highland_plains",
            "required": false
        },
        {
            "id": "vare:highlands",
            "required": false
        },
        {
            "id": "tectonic:alpine_meadow",
            "required": false
        },
        {
            "id": "regions_unexplored:highland_fields",
            "required": false
        },
        {
            "id": "regions_unexplored:meadow",
            "required": false
        }
    ]
}