{
    "replace": true,
    "values": [
        "minecraft:snowy_plains",
        {
            "id": "biomesoplenty:cold_desert",
            "required": false
        },
        {
            "id": "biomesoplenty:muskeg",
            "required": false
        },
        {
            "id": "byg:frosted_coniferous_forest",
            "required": false
        },
        {
            "id": "vare:deep_snowy_taiga",
            "required": false
        },
        {
            "id": "vare:snowy_bog",
            "required": false
        },
        {
            "id": "vare:snowy_fen",
            "required": false
        },
        {
            "id": "vare:snowy_tundra",
            "required": false
        }
    ]
}