{
    "replace": false,
    "values": [
        "minecraft:sparse_jungle",
        {
            "id": "terralith:tropical_jungle",
            "required": false
        },
        {
            "id": "biomesoplenty:floodplain",
            "required": false
        },
        {
            "id": "biomesoplenty:tropics",
            "required": false
        },
        {
            "id": "byg:jacaranda_forest",
            "required": false
        },
        {
            "id": "vare:sandy_jungle",
            "required": false
        },
        {
            "id": "vare:sparse_bamboo_jungle",
            "required": false
        },
        {
            "id": "vare:sparse_eucalyptus_jungle",
            "required": false
        },
        {
            "id": "vare:tropical_forest",
            "required": false
        },
        {
            "id": "vare:tropical_island",
            "required": false
        },
        {
            "id": "regions_unexplored:eucalyptus_forest",
            "required": false
        },
        {
            "id": "regions_unexplored:tropics",
            "required": false
        }
    ]
}