{
  "type": "minecraft:simple_random_selector",
  "config": {
    "features": [
      {
        "feature": {
          "type": "minecraft:random_selector",
          "config": {
            "features": [
              {
                "chance": 0.05,
                "feature": {
                  "feature": {
                    "type": "minecraft:tree",
                    "config": {
                      "ignore_vines": true,
                      "force_dirt": false,
                      "minimum_size": {
                        "type": "minecraft:two_layers_feature_size",
                        "limit": 1,
                        "upper_size": 2
                      },
                      "dirt_provider": {
                        "type": "minecraft:simple_state_provider",
                        "state": {
                          "Name": "minecraft:dirt"
                        }
                      },
                      "trunk_provider": {
                        "type": "minecraft:simple_state_provider",
                        "state": {
                          "Name": "minecraft:oak_wood",
                          "Properties": {
                            "axis": "y"
                          }
                        }
                      },
                      "foliage_provider": {
                        "type": "minecraft:simple_state_provider",
                        "state": {
                          "Name": "minecraft:azalea_leaves",
                          "Properties": {
                            "distance": "7",
                            "persistent": "false",
                            "waterlogged": "false"
                          }
                        }
                      },
                      "trunk_placer": {
                        "type": "minecraft:fancy_trunk_placer",
                        "base_height": 22,
                        "height_rand_a": 5,
                        "height_rand_b": 0
                      },
                      "foliage_placer": {
                        "type": "minecraft:jungle_foliage_placer",
                        "radius": 2,
                        "offset": 1,
                        "height": 1
                      },
                      "decorators": []
                    }
                  },
                  "placement": []
                }
              },
              {
                "chance": 0.15,
                "feature": {
                  "feature": {
                    "type": "minecraft:tree",
                    "config": {
                      "ignore_vines": true,
                      "force_dirt": false,
                      "minimum_size": {
                        "type": "minecraft:two_layers_feature_size",
                        "limit": 1,
                        "lower_size": 0,
                        "upper_size": 2
                      },
                      "dirt_provider": {
                        "type": "minecraft:simple_state_provider",
                        "state": {
                          "Name": "minecraft:dirt"
                        }
                      },
                      "trunk_provider": {
                        "type": "minecraft:simple_state_provider",
                        "state": {
                          "Name": "minecraft:oak_wood",
                          "Properties": {
                            "axis": "y"
                          }
                        }
                      },
                      "foliage_provider": {
                        "type": "minecraft:simple_state_provider",
                        "state": {
                          "Name": "minecraft:azalea_leaves",
                          "Properties": {
                            "distance": "7",
                            "persistent": "false",
                            "waterlogged": "false"
                          }
                        }
                      },
                      "trunk_placer": {
                        "type": "minecraft:cherry_trunk_placer",
                        "base_height": 17,
                        "height_rand_a": 1,
                        "height_rand_b": 0,
                        "branch_count": {
                          "type": "minecraft:weighted_list",
                          "distribution": [
                            {
                              "weight": 1,
                              "data": 2
                            },
                            {
                              "weight": 1,
                              "data": 3
                            }
                          ]
                        },
                        "branch_horizontal_length": {
                          "type": "minecraft:uniform",
                          "min_inclusive": 3,
                          "max_inclusive": 5
                        },
                        "branch_start_offset_from_top": {
                          "min_inclusive": -4,
                          "max_inclusive": -3
                        },
                        "branch_end_offset_from_top": {
                          "type": "minecraft:uniform",
                          "min_inclusive": -1,
                          "max_inclusive": 0
                        }
                      },
                      "foliage_placer": {
                        "type": "minecraft:jungle_foliage_placer",
                        "radius": 2,
                        "offset": 1,
                        "height": 1
                      },
                      "decorators": []
                    }
                  },
                  "placement": []
                }
              },
              {
                "chance": 0.15,
                "feature": {
                  "feature": {
                    "type": "minecraft:tree",
                    "config": {
                      "ignore_vines": true,
                      "force_dirt": false,
                      "minimum_size": {
                        "type": "minecraft:two_layers_feature_size",
                        "limit": 1,
                        "lower_size": 0,
                        "upper_size": 2
                      },
                      "dirt_provider": {
                        "type": "minecraft:simple_state_provider",
                        "state": {
                          "Name": "minecraft:dirt"
                        }
                      },
                      "trunk_provider": {
                        "type": "minecraft:simple_state_provider",
                        "state": {
                          "Name": "minecraft:oak_wood",
                          "Properties": {
                            "axis": "y"
                          }
                        }
                      },
                      "foliage_provider": {
                        "type": "minecraft:simple_state_provider",
                        "state": {
                          "Name": "minecraft:azalea_leaves",
                          "Properties": {
                            "distance": "7",
                            "persistent": "false",
                            "waterlogged": "false"
                          }
                        }
                      },
                      "trunk_placer": {
                        "type": "minecraft:cherry_trunk_placer",
                        "base_height": 10,
                        "height_rand_a": 5,
                        "height_rand_b": 0,
                        "branch_count": {
                          "type": "minecraft:weighted_list",
                          "distribution": [
                            {
                              "weight": 1,
                              "data": 2
                            },
                            {
                              "weight": 1,
                              "data": 3
                            }
                          ]
                        },
                        "branch_horizontal_length": {
                          "type": "minecraft:uniform",
                          "min_inclusive": 5,
                          "max_inclusive": 7
                        },
                        "branch_start_offset_from_top": {
                          "min_inclusive": -4,
                          "max_inclusive": -3
                        },
                        "branch_end_offset_from_top": {
                          "type": "minecraft:uniform",
                          "min_inclusive": -1,
                          "max_inclusive": 0
                        }
                      },
                      "foliage_placer": {
                        "type": "minecraft:jungle_foliage_placer",
                        "radius": 2,
                        "offset": 1,
                        "height": 1
                      },
                      "decorators": []
                    }
                  },
                  "placement": []
                }
              }
            ],
            "default": {
              "feature": {
                "type": "minecraft:tree",
                "config": {
                  "ignore_vines": true,
                  "force_dirt": false,
                  "minimum_size": {
                    "type": "minecraft:two_layers_feature_size"
                  },
                  "dirt_provider": {
                    "type": "minecraft:simple_state_provider",
                    "state": {
                      "Name": "minecraft:dirt"
                    }
                  },
                  "trunk_provider": {
                    "type": "minecraft:simple_state_provider",
                    "state": {
                      "Name": "minecraft:oak_log",
                      "Properties": {
                        "axis": "y"
                      }
                    }
                  },
                  "foliage_provider": {
                    "type": "minecraft:simple_state_provider",
                    "state": {
                      "Name": "minecraft:oak_log",
                      "Properties": {
                        "axis": "y"
                      }
                    }
                  },
                  "trunk_placer": {
                    "type": "minecraft:straight_trunk_placer",
                    "base_height": 7,
                    "height_rand_a": 0,
                    "height_rand_b": 0
                  },
                  "foliage_placer": {
                    "type": "minecraft:random_spread_foliage_placer",
                    "radius": 2,
                    "offset": 0,
                    "foliage_height": 9,
                    "leaf_placement_attempts": 256
                  },
                  "decorators": []
                }
              },
              "placement": [
                {
                  "type": "minecraft:count",
                  "count": 2
                },
                {
                  "type": "minecraft:block_predicate_filter",
                  "predicate": {
                    "type": "minecraft:matching_blocks",
                    "blocks": "minecraft:oak_wood"
                  }
                }
              ]
            }
          }
        },
        "placement": [
          {
            "type": "minecraft:heightmap",
            "heightmap": "WORLD_SURFACE_WG"
          },
          {
            "type": "minecraft:count",
            "count": 12
          }
        ]
      }
    ]
  }
}
