{
    "config": {
        "features": [
            {
                "feature": {
                    "config": {
                        "features": [
                            {
                                "feature": "vare:vegetation/tree/huge_spruce/branch/leaves_2_x",
                                "placement": [
                                    {
                                        "predicate": {
                                            "blocks": "#vare:tree_branch_replaceable",
                                            "type": "minecraft:matching_blocks"
                                        },
                                        "type": "minecraft:block_predicate_filter"
                                    }
                                ]
                            },
                            {
                                "feature": {
                                    "config": {
                                        "features": [
                                            {
                                                "feature": {
                                                    "config": {
                                                        "to_place": {
                                                            "state": {
                                                                "Name": "minecraft:spruce_log",
                                                                "Properties": {
                                                                    "axis": "x"
                                                                }
                                                            },
                                                            "type": "minecraft:simple_state_provider"
                                                        }
                                                    },
                                                    "type": "minecraft:simple_block"
                                                },
                                                "placement": [
                                                    {
                                                        "predicate": {
                                                            "blocks": "#vare:tree_branch_replaceable",
                                                            "type": "minecraft:matching_blocks"
                                                        },
                                                        "type": "minecraft:block_predicate_filter"
                                                    }
                                                ]
                                            },
                                            {
                                                "feature": "vare:vegetation/tree/huge_spruce/branch/leaves_2_x",
                                                "placement": [
                                                    {
                                                        "predicate": {
                                                            "blocks": "minecraft:spruce_log",
                                                            "type": "minecraft:matching_blocks"
                                                        },
                                                        "type": "minecraft:block_predicate_filter"
                                                    },
                                                    {
                                                        "count": 8,
                                                        "type": "minecraft:count"
                                                    },
                                                    {
                                                        "xz_spread": {
                                                            "min_inclusive": 0,
                                                            "max_inclusive": 1,
                                                            "type": "minecraft:uniform"
                                                        },
                                                        "y_spread": 0,
                                                        "type": "minecraft:random_offset"
                                                    },
                                                    {
                                                        "predicate": {
                                                            "predicates": [
                                                                {
                                                                    "blocks": "#vare:tree_branch_replaceable",
                                                                    "type": "minecraft:matching_blocks"
                                                                },
                                                                {
                                                                    "blocks": "minecraft:spruce_log",
                                                                    "offset": [
                                                                        -1,
                                                                        0,
                                                                        0
                                                                    ],
                                                                    "type": "minecraft:matching_blocks"
                                                                },
                                                                {
                                                                    "blocks": "#vare:tree_branch_replaceable",
                                                                    "offset": [
                                                                        -2,
                                                                        0,
                                                                        0
                                                                    ],
                                                                    "type": "minecraft:matching_blocks"
                                                                }
                                                            ],
                                                            "type": "minecraft:all_of"
                                                        },
                                                        "type": "minecraft:block_predicate_filter"
                                                    },
                                                    {
                                                        "count": 6,
                                                        "type": "minecraft:count"
                                                    }
                                                ]
                                            }
                                        ]
                                    },
                                    "type": "minecraft:simple_random_selector"
                                },
                                "placement": [
                                    {
                                        "predicate": {
                                            "blocks": "minecraft:spruce_log",
                                            "type": "minecraft:matching_blocks"
                                        },
                                        "type": "minecraft:block_predicate_filter"
                                    },
                                    {
                                        "count": 8,
                                        "type": "minecraft:count"
                                    },
                                    {
                                        "xz_spread": {
                                            "min_inclusive": 0,
                                            "max_inclusive": 1,
                                            "type": "minecraft:uniform"
                                        },
                                        "y_spread": -1,
                                        "type": "minecraft:random_offset"
                                    },
                                    {
                                        "predicate": {
                                            "predicates": [
                                                {
                                                    "blocks": "#vare:tree_branch_replaceable",
                                                    "type": "minecraft:matching_blocks"
                                                },
                                                {
                                                    "blocks": "minecraft:spruce_log",
                                                    "offset": [
                                                        -1,
                                                        1,
                                                        0
                                                    ],
                                                    "type": "minecraft:matching_blocks"
                                                },
                                                {
                                                    "blocks": "minecraft:spruce_log",
                                                    "offset": [
                                                        -2,
                                                        1,
                                                        0
                                                    ],
                                                    "type": "minecraft:matching_blocks"
                                                },
                                                {
                                                    "blocks": "#vare:tree_branch_replaceable",
                                                    "offset": [
                                                        -1,
                                                        0,
                                                        0
                                                    ],
                                                    "type": "minecraft:matching_blocks"
                                                },
                                                {
                                                    "blocks": "#vare:tree_branch_replaceable",
                                                    "offset": [
                                                        0,
                                                        1,
                                                        0
                                                    ],
                                                    "type": "minecraft:matching_blocks"
                                                }
                                            ],
                                            "type": "minecraft:all_of"
                                        },
                                        "type": "minecraft:block_predicate_filter"
                                    },
                                    {
                                        "count": 28,
                                        "type": "minecraft:count"
                                    }
                                ]
                            }
                        ]
                    },
                    "type": "minecraft:simple_random_selector"
                },
                "placement": [
                    {
                        "count": 16,
                        "type": "minecraft:count"
                    },
                    {
                        "xz_spread": {
                            "distribution": [
                                {
                                    "data": 0,
                                    "weight": 1
                                },
                                {
                                    "data": 2,
                                    "weight": 1
                                }
                            ],
                            "type": "minecraft:weighted_list"
                        },
                        "y_spread": -1,
                        "type": "minecraft:random_offset"
                    },
                    {
                        "predicate": {
                            "predicates": [
                                {
                                    "blocks": "#vare:tree_branch_replaceable",
                                    "type": "minecraft:matching_blocks"
                                },
                                {
                                    "blocks": "minecraft:spruce_log",
                                    "offset": [
                                        -1,
                                        0,
                                        0
                                    ],
                                    "type": "minecraft:matching_blocks"
                                },
                                {
                                    "blocks": "minecraft:spruce_log",
                                    "offset": [
                                        -1,
                                        -3,
                                        0
                                    ],
                                    "type": "minecraft:matching_blocks"
                                },
                                {
                                    "blocks": "#vare:tree_branch_replaceable",
                                    "offset": [
                                        1,
                                        0,
                                        1
                                    ],
                                    "type": "minecraft:matching_blocks"
                                },
                                {
                                    "blocks": "#vare:tree_branch_replaceable",
                                    "offset": [
                                        1,
                                        0,
                                        2
                                    ],
                                    "type": "minecraft:matching_blocks"
                                },
                                {
                                    "blocks": "#vare:tree_branch_replaceable",
                                    "offset": [
                                        1,
                                        0,
                                        -1
                                    ],
                                    "type": "minecraft:matching_blocks"
                                },
                                {
                                    "blocks": "#vare:tree_branch_replaceable",
                                    "offset": [
                                        1,
                                        0,
                                        -2
                                    ],
                                    "type": "minecraft:matching_blocks"
                                },
                                {
                                    "predicate": {
                                        "blocks": "minecraft:spruce_log",
                                        "offset": [
                                            0,
                                            1,
                                            0
                                        ],
                                        "type": "minecraft:matching_blocks"
                                    },
                                    "type": "minecraft:not"
                                },
                                {
                                    "predicate": {
                                        "blocks": "minecraft:spruce_log",
                                        "offset": [
                                            0,
                                            2,
                                            0
                                        ],
                                        "type": "minecraft:matching_blocks"
                                    },
                                    "type": "minecraft:not"
                                },
                                {
                                    "predicate": {
                                        "blocks": "minecraft:spruce_log",
                                        "offset": [
                                            0,
                                            -1,
                                            0
                                        ],
                                        "type": "minecraft:matching_blocks"
                                    },
                                    "type": "minecraft:not"
                                },
                                {
                                    "predicate": {
                                        "blocks": "minecraft:spruce_log",
                                        "offset": [
                                            0,
                                            -2,
                                            0
                                        ],
                                        "type": "minecraft:matching_blocks"
                                    },
                                    "type": "minecraft:not"
                                }
                            ],
                            "type": "minecraft:all_of"
                        },
                        "type": "minecraft:block_predicate_filter"
                    },
                    {
                        "count": 28,
                        "type": "minecraft:count"
                    }
                ]
            }
        ]
    },
    "type": "minecraft:simple_random_selector"
}