{
    "config": {
        "features": [
            {
                "feature": {
                    "config": {
                        "features": [
                            {
                                "feature": {
                                    "config": {
                                        "features": [
                                            {
                                                "feature": {
                                                    "config": {
                                                        "features": [
                                                            {
                                                                "feature": {
                                                                    "config": {
                                                                        "decorators": [],
                                                                        "ignore_vines": true,
                                                                        "force_dirt": false,
                                                                        "dirt_provider": {
                                                                            "state": {
                                                                                "Name": "minecraft:rooted_dirt"
                                                                            },
                                                                            "type": "minecraft:simple_state_provider"
                                                                        },
                                                                        "minimum_size": {
                                                                            "limit": 3,
                                                                            "lower_size": 0,
                                                                            "upper_size": 0,
                                                                            "type": "minecraft:two_layers_feature_size"
                                                                        },
                                                                        "trunk_provider": {
                                                                            "state": {
                                                                                "Properties": {
                                                                                    "axis": "y"
                                                                                },
                                                                                "Name": "minecraft:stripped_acacia_log"
                                                                            },
                                                                            "type": "minecraft:simple_state_provider"
                                                                        },
                                                                        "trunk_placer": {
                                                                            "base_height": 5,
                                                                            "height_rand_a": 2,
                                                                            "height_rand_b": 0,
                                                                            "type": "minecraft:straight_trunk_placer"
                                                                        },
                                                                        "foliage_provider": {
                                                                            "state": {
                                                                                "Properties": {
                                                                                    "axis": "y"
                                                                                },
                                                                                "Name": "minecraft:stripped_acacia_log"
                                                                            },
                                                                            "type": "minecraft:simple_state_provider"
                                                                        },
                                                                        "foliage_placer": {
                                                                            "radius": 2,
                                                                            "offset": 0,
                                                                            "height": 12,
                                                                            "type": "minecraft:fancy_foliage_placer"
                                                                        }
                                                                    },
                                                                    "type": "minecraft:tree"
                                                                },
                                                                "placement": [
                                                                    {
                                                                        "predicate": {
                                                                            "type": "minecraft:replaceable"
                                                                        },
                                                                        "type": "minecraft:block_predicate_filter"
                                                                    }
                                                                ]
                                                            },
                                                            {
                                                                "feature": {
                                                                    "config": {
                                                                        "vegetation_chance": 1.0,
                                                                        "xz_radius": 2,
                                                                        "extra_edge_column_chance": 0.0,
                                                                        "extra_bottom_block_chance": 0.0,
                                                                        "vertical_range": 2,
                                                                        "vegetation_feature": {
                                                                            "feature": {
                                                                                "config": {
                                                                                    "layers": [
                                                                                        {
                                                                                            "height": 35,
                                                                                            "provider": {
                                                                                                "state": {
                                                                                                    "Properties": {
                                                                                                        "axis": "y"
                                                                                                    },
                                                                                                    "Name": "minecraft:stripped_acacia_log"
                                                                                                },
                                                                                                "type": "minecraft:simple_state_provider"
                                                                                            }
                                                                                        }
                                                                                    ],
                                                                                    "direction": "up",
                                                                                    "allowed_placement": {
                                                                                        "blocks": "#vare:tree_branch_replaceable",
                                                                                        "type": "minecraft:matching_blocks"
                                                                                    },
                                                                                    "prioritize_tip": false
                                                                                },
                                                                                "type": "minecraft:block_column"
                                                                            },
                                                                            "placement": []
                                                                        },
                                                                        "surface": "floor",
                                                                        "depth": 1,
                                                                        "replaceable": "#vare:spruce_stuff",
                                                                        "ground_state": {
                                                                            "state": {
                                                                                "Properties": {
                                                                                    "axis": "y"
                                                                                },
                                                                                "Name": "minecraft:stripped_acacia_log"
                                                                            },
                                                                            "type": "minecraft:simple_state_provider"
                                                                        }
                                                                    },
                                                                    "type": "minecraft:vegetation_patch"
                                                                },
                                                                "placement": [
                                                                    {
                                                                        "predicate": {
                                                                            "predicates": [
                                                                                {
                                                                                    "blocks": "minecraft:stripped_acacia_log",
                                                                                    "type": "minecraft:matching_blocks"
                                                                                },
                                                                                {
                                                                                    "offset": [
                                                                                        0,
                                                                                        10,
                                                                                        0
                                                                                    ],
                                                                                    "type": "minecraft:replaceable"
                                                                                }
                                                                            ],
                                                                            "type": "minecraft:all_of"
                                                                        },
                                                                        "type": "minecraft:block_predicate_filter"
                                                                    },
                                                                    {
                                                                        "direction_of_search": "up",
                                                                        "target_condition": {
                                                                            "blocks": "minecraft:air",
                                                                            "offset": [
                                                                                0,
                                                                                1,
                                                                                0
                                                                            ],
                                                                            "type": "minecraft:matching_blocks"
                                                                        },
                                                                        "max_steps": 8,
                                                                        "type": "minecraft:environment_scan"
                                                                    }
                                                                ]
                                                            }
                                                        ]
                                                    },
                                                    "type": "minecraft:simple_random_selector"
                                                },
                                                "placement": [
                                                    {
                                                        "predicate": {
                                                            "type": "minecraft:replaceable"
                                                        },
                                                        "type": "minecraft:block_predicate_filter"
                                                    },
                                                    {
                                                        "count": 28,
                                                        "type": "minecraft:count"
                                                    }
                                                ]
                                            },
                                            {
                                                "feature": {
                                                    "config": {
                                                        "features": [
                                                            {
                                                                "feature": {
                                                                    "config": {
                                                                        "vegetation_chance": 1.0,
                                                                        "xz_radius": 2,
                                                                        "extra_edge_column_chance": 0.0,
                                                                        "extra_bottom_block_chance": 0.0,
                                                                        "vertical_range": 2,
                                                                        "vegetation_feature": {
                                                                            "feature": {
                                                                                "config": {
                                                                                    "layers": [
                                                                                        {
                                                                                            "height": 5,
                                                                                            "provider": {
                                                                                                "state": {
                                                                                                    "Properties": {
                                                                                                        "axis": "y"
                                                                                                    },
                                                                                                    "Name": "minecraft:stripped_acacia_log"
                                                                                                },
                                                                                                "type": "minecraft:simple_state_provider"
                                                                                            }
                                                                                        }
                                                                                    ],
                                                                                    "direction": "up",
                                                                                    "allowed_placement": {
                                                                                        "blocks": "#vare:tree_branch_replaceable",
                                                                                        "type": "minecraft:matching_blocks"
                                                                                    },
                                                                                    "prioritize_tip": false
                                                                                },
                                                                                "type": "minecraft:block_column"
                                                                            },
                                                                            "placement": [
                                                                                {
                                                                                    "predicate": {
                                                                                        "predicates": [
                                                                                            {
                                                                                                "predicates": [
                                                                                                    {
                                                                                                        "blocks": "minecraft:stripped_acacia_log",
                                                                                                        "offset": [
                                                                                                            1,
                                                                                                            -2,
                                                                                                            0
                                                                                                        ],
                                                                                                        "type": "minecraft:matching_blocks"
                                                                                                    },
                                                                                                    {
                                                                                                        "blocks": "minecraft:stripped_acacia_log",
                                                                                                        "offset": [
                                                                                                            -1,
                                                                                                            -2,
                                                                                                            0
                                                                                                        ],
                                                                                                        "type": "minecraft:matching_blocks"
                                                                                                    }
                                                                                                ],
                                                                                                "type": "minecraft:all_of"
                                                                                            },
                                                                                            {
                                                                                                "predicates": [
                                                                                                    {
                                                                                                        "blocks": "minecraft:stripped_acacia_log",
                                                                                                        "offset": [
                                                                                                            0,
                                                                                                            -4,
                                                                                                            1
                                                                                                        ],
                                                                                                        "type": "minecraft:matching_blocks"
                                                                                                    },
                                                                                                    {
                                                                                                        "blocks": "minecraft:stripped_acacia_log",
                                                                                                        "offset": [
                                                                                                            0,
                                                                                                            -4,
                                                                                                            -1
                                                                                                        ],
                                                                                                        "type": "minecraft:matching_blocks"
                                                                                                    }
                                                                                                ],
                                                                                                "type": "minecraft:all_of"
                                                                                            }
                                                                                        ],
                                                                                        "type": "minecraft:any_of"
                                                                                    },
                                                                                    "type": "minecraft:block_predicate_filter"
                                                                                }
                                                                            ]
                                                                        },
                                                                        "surface": "floor",
                                                                        "depth": 1,
                                                                        "replaceable": "#vare:spruce_stuff",
                                                                        "ground_state": {
                                                                            "state": {
                                                                                "Properties": {
                                                                                    "axis": "y"
                                                                                },
                                                                                "Name": "minecraft:stripped_acacia_log"
                                                                            },
                                                                            "type": "minecraft:simple_state_provider"
                                                                        }
                                                                    },
                                                                    "type": "minecraft:vegetation_patch"
                                                                },
                                                                "placement": [
                                                                    {
                                                                        "predicate": {
                                                                            "offset": [
                                                                                0,
                                                                                1,
                                                                                0
                                                                            ],
                                                                            "type": "minecraft:replaceable"
                                                                        },
                                                                        "type": "minecraft:block_predicate_filter"
                                                                    }
                                                                ]
                                                            },
                                                            {
                                                                "feature": {
                                                                    "config": {
                                                                        "vegetation_chance": 1.0,
                                                                        "xz_radius": 1,
                                                                        "extra_edge_column_chance": 0.0,
                                                                        "extra_bottom_block_chance": 0.0,
                                                                        "vertical_range": 2,
                                                                        "vegetation_feature": {
                                                                            "feature": {
                                                                                "config": {
                                                                                    "layers": [
                                                                                        {
                                                                                            "height": 15,
                                                                                            "provider": {
                                                                                                "state": {
                                                                                                    "Properties": {
                                                                                                        "axis": "y"
                                                                                                    },
                                                                                                    "Name": "minecraft:stripped_acacia_log"
                                                                                                },
                                                                                                "type": "minecraft:simple_state_provider"
                                                                                            }
                                                                                        }
                                                                                    ],
                                                                                    "direction": "up",
                                                                                    "allowed_placement": {
                                                                                        "blocks": "#vare:tree_branch_replaceable",
                                                                                        "type": "minecraft:matching_blocks"
                                                                                    },
                                                                                    "prioritize_tip": false
                                                                                },
                                                                                "type": "minecraft:block_column"
                                                                            },
                                                                            "placement": []
                                                                        },
                                                                        "surface": "floor",
                                                                        "depth": 1,
                                                                        "replaceable": "#vare:spruce_stuff",
                                                                        "ground_state": {
                                                                            "state": {
                                                                                "Properties": {
                                                                                    "axis": "y"
                                                                                },
                                                                                "Name": "minecraft:stripped_acacia_log"
                                                                            },
                                                                            "type": "minecraft:simple_state_provider"
                                                                        }
                                                                    },
                                                                    "type": "minecraft:vegetation_patch"
                                                                },
                                                                "placement": [
                                                                    {
                                                                        "predicate": {
                                                                            "predicates": [
                                                                                {
                                                                                    "blocks": "minecraft:stripped_acacia_log",
                                                                                    "offset": [
                                                                                        0,
                                                                                        1,
                                                                                        0
                                                                                    ],
                                                                                    "type": "minecraft:matching_blocks"
                                                                                },
                                                                                {
                                                                                    "offset": [
                                                                                        0,
                                                                                        10,
                                                                                        0
                                                                                    ],
                                                                                    "type": "minecraft:replaceable"
                                                                                }
                                                                            ],
                                                                            "type": "minecraft:all_of"
                                                                        },
                                                                        "type": "minecraft:block_predicate_filter"
                                                                    },
                                                                    {
                                                                        "direction_of_search": "up",
                                                                        "target_condition": {
                                                                            "blocks": "minecraft:air",
                                                                            "offset": [
                                                                                0,
                                                                                1,
                                                                                0
                                                                            ],
                                                                            "type": "minecraft:matching_blocks"
                                                                        },
                                                                        "max_steps": 8,
                                                                        "type": "minecraft:environment_scan"
                                                                    }
                                                                ]
                                                            },
                                                            {
                                                                "feature": {
                                                                    "config": {
                                                                        "features": [
                                                                            {
                                                                                "feature": {
                                                                                    "config": {
                                                                                        "decorators": [
                                                                                            {
                                                                                                "block_provider": {
                                                                                                    "state": {
                                                                                                        "Properties": {
                                                                                                            "persistent": "false",
                                                                                                            "distance": "2",
                                                                                                            "waterlogged": "false"
                                                                                                        },
                                                                                                        "Name": "minecraft:acacia_leaves"
                                                                                                    },
                                                                                                    "type": "minecraft:simple_state_provider"
                                                                                                },
                                                                                                "required_empty_blocks": 2,
                                                                                                "directions": [
                                                                                                    "down"
                                                                                                ],
                                                                                                "probability": 0.35,
                                                                                                "exclusion_radius_xz": 0,
                                                                                                "exclusion_radius_y": 0,
                                                                                                "type": "minecraft:attached_to_leaves"
                                                                                            }
                                                                                        ],
                                                                                        "ignore_vines": true,
                                                                                        "force_dirt": false,
                                                                                        "dirt_provider": {
                                                                                            "state": {
                                                                                                "Properties": {
                                                                                                    "axis": "y"
                                                                                                },
                                                                                                "Name": "minecraft:stripped_acacia_log"
                                                                                            },
                                                                                            "type": "minecraft:simple_state_provider"
                                                                                        },
                                                                                        "minimum_size": {
                                                                                            "limit": 0,
                                                                                            "lower_size": 0,
                                                                                            "upper_size": 0,
                                                                                            "type": "minecraft:two_layers_feature_size"
                                                                                        },
                                                                                        "trunk_provider": {
                                                                                            "state": {
                                                                                                "Properties": {
                                                                                                    "axis": "y"
                                                                                                },
                                                                                                "Name": "minecraft:stripped_acacia_log"
                                                                                            },
                                                                                            "type": "minecraft:simple_state_provider"
                                                                                        },
                                                                                        "trunk_placer": {
                                                                                            "base_height": 14,
                                                                                            "height_rand_a": 0,
                                                                                            "height_rand_b": 0,
                                                                                            "type": "minecraft:straight_trunk_placer"
                                                                                        },
                                                                                        "foliage_provider": {
                                                                                            "state": {
                                                                                                "Properties": {
                                                                                                    "persistent": "false",
                                                                                                    "distance": "1",
                                                                                                    "waterlogged": "false"
                                                                                                },
                                                                                                "Name": "minecraft:acacia_leaves"
                                                                                            },
                                                                                            "type": "minecraft:simple_state_provider"
                                                                                        },
                                                                                        "foliage_placer": {
                                                                                            "radius": 3,
                                                                                            "offset": 2,
                                                                                            "crown_height": 9,
                                                                                            "type": "minecraft:mega_pine_foliage_placer"
                                                                                        }
                                                                                    },
                                                                                    "type": "minecraft:tree"
                                                                                },
                                                                                "placement": [
                                                                                    {
                                                                                        "xz_spread": 0,
                                                                                        "y_spread": 8,
                                                                                        "type": "minecraft:random_offset"
                                                                                    },
                                                                                    {
                                                                                        "predicate": {
                                                                                            "predicate": {
                                                                                                "blocks": "minecraft:acacia_leaves",
                                                                                                "offset": [
                                                                                                    0,
                                                                                                    15,
                                                                                                    0
                                                                                                ],
                                                                                                "type": "minecraft:matching_blocks"
                                                                                            },
                                                                                            "type": "minecraft:not"
                                                                                        },
                                                                                        "type": "minecraft:block_predicate_filter"
                                                                                    }
                                                                                ]
                                                                            },
                                                                            {
                                                                                "feature": {
                                                                                    "config": {
                                                                                        "features": [
                                                                                            {
                                                                                                "feature": "vare:vegetation/tree/huge_sequoia/branch_set/1",
                                                                                                "placement": [
                                                                                                    {
                                                                                                        "count": 2,
                                                                                                        "type": "minecraft:count"
                                                                                                    },
                                                                                                    {
                                                                                                        "xz_spread": 0,
                                                                                                        "y_spread": {
                                                                                                            "min_inclusive": -6,
                                                                                                            "max_inclusive": -4,
                                                                                                            "type": "minecraft:uniform"
                                                                                                        },
                                                                                                        "type": "minecraft:random_offset"
                                                                                                    }
                                                                                                ]
                                                                                            },
                                                                                            {
                                                                                                "feature": "vare:vegetation/tree/huge_sequoia/branch_set/2",
                                                                                                "placement": [
                                                                                                    {
                                                                                                        "xz_spread": 0,
                                                                                                        "y_spread": {
                                                                                                            "min_inclusive": 2,
                                                                                                            "max_inclusive": 4,
                                                                                                            "type": "minecraft:uniform"
                                                                                                        },
                                                                                                        "type": "minecraft:random_offset"
                                                                                                    }
                                                                                                ]
                                                                                            },
                                                                                            {
                                                                                                "feature": "vare:vegetation/tree/huge_sequoia/branch_set/3",
                                                                                                "placement": [
                                                                                                    {
                                                                                                        "count": 2,
                                                                                                        "type": "minecraft:count"
                                                                                                    },
                                                                                                    {
                                                                                                        "xz_spread": 0,
                                                                                                        "y_spread": {
                                                                                                            "min_inclusive": 5,
                                                                                                            "max_inclusive": 13,
                                                                                                            "type": "minecraft:uniform"
                                                                                                        },
                                                                                                        "type": "minecraft:random_offset"
                                                                                                    }
                                                                                                ]
                                                                                            },
                                                                                            {
                                                                                                "feature": "vare:vegetation/tree/huge_sequoia/branch_set/4",
                                                                                                "placement": [
                                                                                                    {
                                                                                                        "xz_spread": 0,
                                                                                                        "y_spread": {
                                                                                                            "min_inclusive": 8,
                                                                                                            "max_inclusive": 15,
                                                                                                            "type": "minecraft:uniform"
                                                                                                        },
                                                                                                        "type": "minecraft:random_offset"
                                                                                                    }
                                                                                                ]
                                                                                            }
                                                                                        ]
                                                                                    },
                                                                                    "type": "minecraft:simple_random_selector"
                                                                                },
                                                                                "placement": []
                                                                            }
                                                                        ]
                                                                    },
                                                                    "type": "minecraft:simple_random_selector"
                                                                },
                                                                "placement": [
                                                                    {
                                                                        "predicate": {
                                                                            "blocks": "minecraft:stripped_acacia_log",
                                                                            "offset": [
                                                                                0,
                                                                                10,
                                                                                0
                                                                            ],
                                                                            "type": "minecraft:matching_blocks"
                                                                        },
                                                                        "type": "minecraft:block_predicate_filter"
                                                                    }
                                                                ]
                                                            }
                                                        ]
                                                    },
                                                    "type": "minecraft:simple_random_selector"
                                                },
                                                "placement": [
                                                    {
                                                        "predicate": {
                                                            "blocks": "minecraft:stripped_acacia_log",
                                                            "type": "minecraft:matching_blocks"
                                                        },
                                                        "type": "minecraft:block_predicate_filter"
                                                    },
                                                    {
                                                        "xz_spread": 0,
                                                        "y_spread": 15,
                                                        "type": "minecraft:random_offset"
                                                    },
                                                    {
                                                        "xz_spread": 0,
                                                        "y_spread": 15,
                                                        "type": "minecraft:random_offset"
                                                    },
                                                    {
                                                        "xz_spread": 0,
                                                        "y_spread": 8,
                                                        "type": "minecraft:random_offset"
                                                    },
                                                    {
                                                        "direction_of_search": "up",
                                                        "target_condition": {
                                                            "predicates": [
                                                                {
                                                                    "blocks": "minecraft:air",
                                                                    "offset": [
                                                                        0,
                                                                        1,
                                                                        0
                                                                    ],
                                                                    "type": "minecraft:matching_blocks"
                                                                },
                                                                {
                                                                    "blocks": "minecraft:stripped_acacia_log",
                                                                    "type": "minecraft:matching_blocks"
                                                                }
                                                            ],
                                                            "type": "minecraft:all_of"
                                                        },
                                                        "max_steps": 8,
                                                        "type": "minecraft:environment_scan"
                                                    },
                                                    {
                                                        "count": 128,
                                                        "type": "minecraft:count"
                                                    }
                                                ]
                                            }
                                        ]
                                    },
                                    "type": "minecraft:simple_random_selector"
                                },
                                "placement": [
                                    {
                                        "predicate": {
                                            "type": "minecraft:replaceable"
                                        },
                                        "type": "minecraft:block_predicate_filter"
                                    },
                                    {
                                        "count": 28,
                                        "type": "minecraft:count"
                                    }
                                ]
                            },
                            {
                                "feature": "vare:vegetation/tree/huge_sequoia/roots/1",
                                "placement": [
                                    {
                                        "predicate": {
                                            "blocks": "minecraft:stripped_acacia_log",
                                            "type": "minecraft:matching_blocks"
                                        },
                                        "type": "minecraft:block_predicate_filter"
                                    }
                                ]
                            },
                            {
                                "feature": "vare:vegetation/tree/huge_sequoia/rooted_dirt/1",
                                "placement": [
                                    {
                                        "predicate": {
                                            "blocks": "minecraft:stripped_acacia_log",
                                            "type": "minecraft:matching_blocks"
                                        },
                                        "type": "minecraft:block_predicate_filter"
                                    }
                                ]
                            }
                        ]
                    },
                    "type": "minecraft:simple_random_selector"
                },
                "placement": [
                    {
                        "predicate": {
                            "state": {
                                "Properties": {
                                    "stage": "0"
                                },
                                "Name": "minecraft:spruce_sapling"
                            },
                            "type": "minecraft:would_survive"
                        },
                        "type": "minecraft:block_predicate_filter"
                    },
                    {
                        "count": 64,
                        "type": "minecraft:count"
                    }
                ]
            }
        ]
    },
    "type": "minecraft:simple_random_selector"
}