{
    "feature": {
        "config": {
            "default": {
                "feature": "vare:vegetation/tree/big_spruce/1",
                "placement": []
            },
            "features": [
                {
                    "chance": 0.005,
                    "feature": {
                        "feature": "vare:vegetation/tree/huge_spruce/dead",
                        "placement": []
                    }
                },
                {
                    "chance": 0.005,
                    "feature": {
                        "feature": "vare:vegetation/tree/huge_spruce/dead",
                        "placement": []
                    }
                },
                {
                    "chance": 0.005,
                    "feature": {
                        "feature": "vare:vegetation/tree/huge_spruce/6",
                        "placement": []
                    }
                },
                {
                    "chance": 0.005,
                    "feature": {
                        "feature": "vare:vegetation/tree/huge_spruce/7",
                        "placement": []
                    }
                },
                {
                    "chance": 0.005,
                    "feature": {
                        "feature": "vare:vegetation/tree/huge_spruce/8",
                        "placement": []
                    }
                },
                {
                    "chance": 0.005,
                    "feature": {
                        "feature": "vare:vegetation/tree/huge_spruce/9",
                        "placement": []
                    }
                },
                {
                    "chance": 0.005,
                    "feature": {
                        "feature": "vare:vegetation/tree/huge_spruce/10",
                        "placement": []
                    }
                },
                {
                    "chance": 0.4,
                    "feature": {
                        "feature": "vare:vegetation/tree/big_spruce/2",
                        "placement": []
                    }
                },
                {
                    "chance": 0.4,
                    "feature": {
                        "feature": "vare:vegetation/tree/big_spruce/3",
                        "placement": []
                    }
                }
            ]
        },
        "type": "minecraft:random_selector"
    },
    "placement": [
        {
            "type": "minecraft:noise_based_count",
            "noise_to_count_ratio": -1,
            "noise_factor": 1000,
            "noise_offset": -0.5
        },
        {
            "type": "minecraft:count",
            "count": 15
        },
        {
            "xz_spread": {
                "min_inclusive": 3,
                "max_inclusive": 12,
                "type": "minecraft:uniform"
            },
            "y_spread": 0,
            "type": "minecraft:random_offset"
        },
        {
            "heightmap": "MOTION_BLOCKING",
            "type": "minecraft:heightmap"
        },
        {
            "predicate": {
                "predicates": [
                    {
                        "type": "minecraft:replaceable"
                    },
                    {
                        "predicate": {
                            "offset": [
                                2,
                                -2,
                                0
                            ],
                            "type": "minecraft:replaceable"
                        },
                        "type": "minecraft:not"
                    },
                    {
                        "predicate": {
                            "offset": [
                                0,
                                -2,
                                2
                            ],
                            "type": "minecraft:replaceable"
                        },
                        "type": "minecraft:not"
                    },
                    {
                        "predicate": {
                            "offset": [
                                -2,
                                -2,
                                0
                            ],
                            "type": "minecraft:replaceable"
                        },
                        "type": "minecraft:not"
                    },
                    {
                        "predicate": {
                            "offset": [
                                0,
                                -2,
                                -2
                            ],
                            "type": "minecraft:replaceable"
                        },
                        "type": "minecraft:not"
                    },
                    {
                        "offset": [
                            2,
                            3,
                            0
                        ],
                        "type": "minecraft:replaceable"
                    },
                    {
                        "offset": [
                            0,
                            3,
                            2
                        ],
                        "type": "minecraft:replaceable"
                    },
                    {
                        "offset": [
                            -2,
                            3,
                            0
                        ],
                        "type": "minecraft:replaceable"
                    },
                    {
                        "offset": [
                            0,
                            3,
                            -2
                        ],
                        "type": "minecraft:replaceable"
                    }
                ],
                "type": "minecraft:all_of"
            },
            "type": "minecraft:block_predicate_filter"
        },
        {
            "predicate": {
                "predicate": {
                    "predicates": [
                        {
                            "blocks": "minecraft:spruce_log",
                            "offset": [
                                4,
                                15,
                                0
                            ],
                            "type": "minecraft:matching_blocks"
                        },
                        {
                            "blocks": "minecraft:spruce_log",
                            "offset": [
                                4,
                                15,
                                4
                            ],
                            "type": "minecraft:matching_blocks"
                        },
                        {
                            "blocks": "minecraft:spruce_log",
                            "offset": [
                                0,
                                15,
                                4
                            ],
                            "type": "minecraft:matching_blocks"
                        },
                        {
                            "blocks": "minecraft:spruce_log",
                            "offset": [
                                -4,
                                15,
                                4
                            ],
                            "type": "minecraft:matching_blocks"
                        },
                        {
                            "blocks": "minecraft:spruce_log",
                            "offset": [
                                -4,
                                15,
                                0
                            ],
                            "type": "minecraft:matching_blocks"
                        },
                        {
                            "blocks": "minecraft:spruce_log",
                            "offset": [
                                -4,
                                15,
                                -4
                            ],
                            "type": "minecraft:matching_blocks"
                        },
                        {
                            "blocks": "minecraft:spruce_log",
                            "offset": [
                                0,
                                15,
                                -4
                            ],
                            "type": "minecraft:matching_blocks"
                        },
                        {
                            "blocks": "minecraft:spruce_log",
                            "offset": [
                                4,
                                15,
                                -4
                            ],
                            "type": "minecraft:matching_blocks"
                        }
                    ],
                    "type": "minecraft:any_of"
                },
                "type": "minecraft:not"
            },
            "type": "minecraft:block_predicate_filter"
        },
        {
            "max_water_depth": 0,
            "type": "minecraft:surface_water_depth_filter"
        },
        {
            "type": "minecraft:biome"
        }
    ]
}