{
    "feature": "vare:vegetation/fungus/bracket_fungus",
    "placement": [
        {
            "type": "minecraft:count",
            "count": 10
        },
        {
            "type": "minecraft:in_square"
        },
        {
            "type": "minecraft:heightmap",
            "heightmap": "WORLD_SURFACE_WG"
        },
        {
            "type": "minecraft:random_offset",
            "xz_spread": 0,
            "y_spread": {
                "type": "minecraft:uniform",
                "min_inclusive": 0,
                "max_inclusive": 5
            }
        },
        {
            "type": "minecraft:biome"
        }
    ]
}