{
  "temperature": 0.5,
  "downfall": 0.4,
  "has_precipitation": true,
  "effects": {
    "sky_color": 6269917,
    "fog_color": 12638463,
    "water_color": 4562649,
    "water_fog_color": 331305,
    "grass_color": 6984520,
    "foliage_color": 6984520,
    "mood_sound": {
      "sound": "minecraft:ambient.cave",
      "tick_delay": 6000,
      "block_search_extent": 8,
      "offset": 2
    },
    "music": {
      "sound": "minecraft:music.overworld.forest",
      "min_delay": 12000,
      "max_delay": 24000,
      "replace_current_music": false
    }
  },
  "spawners": {
    "ambient": [
      {
        "type": "minecraft:bat",
        "weight": 10,
        "minCount": 8,
        "maxCount": 8
      }
    ],
    "axolotls": [],
    "creature": [
      {
        "type": "minecraft:sheep",
        "weight": 12,
        "minCount": 4,
        "maxCount": 4
      },
      {
        "type": "minecraft:pig",
        "weight": 10,
        "minCount": 4,
        "maxCount": 4
      },
      {
        "type": "minecraft:chicken",
        "weight": 10,
        "minCount": 4,
        "maxCount": 4
      },
      {
        "type": "minecraft:cow",
        "weight": 8,
        "minCount": 4,
        "maxCount": 4
      },
      {
        "type": "minecraft:wolf",
        "weight": 5,
        "minCount": 4,
        "maxCount": 4
      }
    ],
    "misc": [],
    "monster": [
      {
        "type": "minecraft:spider",
        "weight": 100,
        "minCount": 4,
        "maxCount": 4
      },
      {
        "type": "minecraft:zombie",
        "weight": 95,
        "minCount": 4,
        "maxCount": 4
      },
      {
        "type": "minecraft:zombie_villager",
        "weight": 5,
        "minCount": 1,
        "maxCount": 1
      },
      {
        "type": "minecraft:skeleton",
        "weight": 100,
        "minCount": 4,
        "maxCount": 4
      },
      {
        "type": "minecraft:creeper",
        "weight": 100,
        "minCount": 4,
        "maxCount": 4
      },
      {
        "type": "minecraft:slime",
        "weight": 100,
        "minCount": 4,
        "maxCount": 4
      },
      {
        "type": "minecraft:enderman",
        "weight": 10,
        "minCount": 1,
        "maxCount": 4
      },
      {
        "type": "minecraft:witch",
        "weight": 5,
        "minCount": 1,
        "maxCount": 1
      }
    ],
    "underground_water_creature": [
      {
        "type": "minecraft:glow_squid",
        "weight": 10,
        "minCount": 4,
        "maxCount": 6
      }
    ],
    "water_ambient": [],
    "water_creature": []
  },
  "spawn_costs": {},
  "carvers": {
    "air": [
      "minecraft:cave",
      "minecraft:cave_extra_underground",
      "minecraft:canyon"
    ]
  },
  "features": [
    [
      "vare:terrain/local/highland_stone_cliffs_surface",
      "vare:terrain/local/highland_stone_cliffs",
      "vare:terrain/local/stone_cliffs_sheer",
      "vare:terrain/extended/scree"
    ],
    [
      "minecraft:lake_lava_underground",
      "minecraft:lake_lava_surface",
      "vare:terrain/extended/base_mangrove_swamp_forest"
    ],
    [
      "minecraft:amethyst_geode"
    ],
    [
      "minecraft:monster_room",
      "minecraft:monster_room_deep"
    ],
    [],
    [],
    [
      "minecraft:ore_dirt",
      "minecraft:ore_gravel",
      "minecraft:ore_granite_upper",
      "minecraft:ore_granite_lower",
      "minecraft:ore_diorite_upper",
      "minecraft:ore_diorite_lower",
      "minecraft:ore_andesite_upper",
      "minecraft:ore_andesite_lower",
      "minecraft:ore_tuff",
      "minecraft:ore_coal_upper",
      "minecraft:ore_coal_lower",
      "minecraft:ore_iron_upper",
      "minecraft:ore_iron_middle",
      "minecraft:ore_iron_small",
      "minecraft:ore_gold",
      "minecraft:ore_gold_lower",
      "minecraft:ore_redstone",
      "minecraft:ore_redstone_lower",
      "minecraft:ore_diamond",
      "minecraft:ore_diamond_large",
      "minecraft:ore_diamond_buried",
      "minecraft:ore_lapis",
      "minecraft:ore_lapis_buried",
      "minecraft:ore_copper",
      "minecraft:underwater_magma",
      "vare:terrain/local/disk_sand_forest",
      "vare:terrain/local/disk_gravel_forest",
      "minecraft:disk_sand",
      "minecraft:disk_clay",
      "minecraft:disk_gravel",
      "vare:terrain/extended/desert_edge",
      "vare:terrain/extended/badlands_edge"
    ],
    [],
    [
      "minecraft:spring_water",
      "minecraft:spring_lava"
    ],
    [
      "minecraft:glow_lichen",
      "vare:vegetation/local/trees/forest_birch_grove",
      "vare:vegetation/local/trees/forest_oak",
      "vare:vegetation/local/trees/forest_pine",
      "vare:vegetation/local/trees/forest_pine_2",
      "vare:vegetation/local/trees/forest_birch",
      "vare:vegetation/local/trees/forest_birch_2",
      "vare:vegetation/extended/trees/forest_birch",
      "vare:vegetation/local/trees/forest_eucalyptus",
      "vare:vegetation/local/trees/forest_montane",
      "vare:vegetation/local/trees/forest_tropical",
      "vare:vegetation/extended/trees/forest_cold",
      "vare:vegetation/extended/trees/forest_badlands",
      "vare:vegetation/extended/bushes/cold_forest",
      "vare:vegetation/extended/bushes/birch_forest",
      "vare:vegetation/extended/bushes/oak_forest",
      "vare:vegetation/extended/bushes/pine_forest",
      "vare:vegetation/local/patch/flower_taiga",
      "minecraft:brown_mushroom_normal",
      "minecraft:red_mushroom_normal",
      "minecraft:patch_sugar_cane",
      "minecraft:patch_pumpkin"
    ],
    [
      "minecraft:freeze_top_layer",
      "vare:terrain/local/snow_blocks",
      "vare:vegetation/local/patch/grass_forest",
      "vare:vegetation/local/patch/fern_montane_forest",
      "vare:vegetation/local/patch/large_fern_forest",
      "vare:terrain/extended/volcanic_extinction",
      "vare:terrain/local/replace_basalt_to_deepslate",
      "vare:terrain/extended/volcano_snow_blocks"
    ]
  ]
}
