{
  "carvers": {
    "air": [
      "minecraft:cave",
      "minecraft:cave_extra_underground",
      "minecraft:canyon"
    ]
  },
  "downfall": 1.0,
  "effects": {
    "additions_sound": {
      "sound": "minecraft:ambient.crimson_forest.additions",
      "tick_chance": 0.0111
    },
    "ambient_sound": "minecraft:ambient.crimson_forest.loop",
    "mood_sound": {
      "block_search_extent": 8,
      "offset": 2.0,
      "sound": "minecraft:ambient.crimson_forest.mood",
      "tick_delay": 6000
    },
    "music": {
      "max_delay": 24000,
      "min_delay": 12000,
      "replace_current_music": false,
      "sound": "minecraft:music.nether.crimson_forest"
    },
    "particle": {
      "options": {
        "type": "minecraft:mycelium"
      },
      "probability": 0.118093334
    },
    "sky_color": 11642049,
    "fog_color": 15917301,
    "water_color": 3570859,
    "water_fog_color": 331305
  },
  "features": [
    [
	  "vare:terrain/local/fungal_basalt_cliffs",
	  "vare:terrain/local/replace_stone_to_basalt",
      "vare:terrain/local/fungal_prismarine_shore",
      "vare:terrain/local/fungal_fire_coral_shore",
      "vare:terrain/local/fungal_fire_coral_shore_2",
      "vare:terrain/local/fungal_powder",
      "vare:terrain/local/fungal_sculk_infection",
      "vare:terrain/local/fungal_savanna_floor",
      "vare:terrain/local/fungal_coral",
      "vare:terrain/local/fungal_coral_2"
    ],
    [
      "minecraft:lake_lava_underground",
      "minecraft:lake_lava_surface"
    ],
    [
      "minecraft:amethyst_geode"
    ],
    [
      "minecraft:monster_room",
      "minecraft:monster_room_deep"
    ],
    [],
    [],
    [
      "minecraft:ore_dirt",
      "minecraft:ore_gravel",
      "minecraft:ore_granite_upper",
      "minecraft:ore_granite_lower",
      "minecraft:ore_diorite_upper",
      "minecraft:ore_diorite_lower",
      "minecraft:ore_andesite_upper",
      "minecraft:ore_andesite_lower",
      "minecraft:ore_tuff",
      "minecraft:ore_coal_upper",
      "minecraft:ore_coal_lower",
      "minecraft:ore_iron_upper",
      "minecraft:ore_iron_middle",
      "minecraft:ore_iron_small",
      "minecraft:ore_gold",
      "minecraft:ore_gold_lower",
      "minecraft:ore_redstone",
      "minecraft:ore_redstone_lower",
      "minecraft:ore_diamond",
      "minecraft:ore_diamond_large",
      "minecraft:ore_diamond_buried",
      "minecraft:ore_lapis",
      "minecraft:ore_lapis_buried",
      "minecraft:ore_copper",
      "minecraft:underwater_magma",
      "minecraft:disk_sand",
      "minecraft:disk_clay",
      "minecraft:disk_gravel",
      "vare:terrain/local/fungal_mossy_shore",
      "vare:terrain/local/fungal_mossy_shore_2",
      "vare:terrain/local/fungal_coral_mycelium",
      "vare:terrain/local/fungal_moss"
    ],
    [
      "vare:vegetation/local/other/fungal_sculk_vein"
    ],
    [
      "minecraft:spring_water",
      "minecraft:spring_lava"
    ],
    [
      "minecraft:glow_lichen",
      "vare:vegetation/local/other/fungal_sculk_growths",
      "vare:vegetation/local/other/fungal_blood_woods",
      "vare:vegetation/local/other/fungal_savanna_vegetation",
      "vare:vegetation/local/other/fungal_jungle_vegetation",
      "vare:vegetation/local/other/fungal_jungle_undergrowth",
      "vare:vegetation/local/other/fungal_jungle_groundcover",
      "vare:vegetation/local/other/fungal_powder_spores",
      "vare:vegetation/local/other/fungal_sculk_trees",
      "vare:vegetation/local/other/fungal_twisted_reef_vegetation",
      "vare:vegetation/local/other/fungal_twisted_kelp",
      "vare:vegetation/local/other/fungal_weeping_growths",
      "vare:vegetation/local/other/fungal_moss_sprouts",
      "minecraft:brown_mushroom_taiga",
      "minecraft:red_mushroom_taiga",
      "vare:vegetation/local/patch/fungal_seagrass",
      "vare:vegetation/local/patch/fungal_sea_pickle"
    ],
    [
      "minecraft:freeze_top_layer",
      "vare:vegetation/local/other/fungal_vines",
      "vare:vegetation/local/other/fungal_glow"
    ]
  ],
  "has_precipitation": true,
  "spawn_costs": {},
  "spawners": {
    "ambient": [
      {
        "type": "minecraft:bat",
        "maxCount": 8,
        "minCount": 8,
        "weight": 10
      }
    ],
    "axolotls": [],
    "creature": [
      {
        "type": "minecraft:mooshroom",
        "maxCount": 8,
        "minCount": 4,
        "weight": 8
      }
    ],
    "misc": [],
    "monster": [],
    "underground_water_creature": [
      {
        "type": "minecraft:glow_squid",
        "maxCount": 6,
        "minCount": 4,
        "weight": 10
      }
    ],
    "water_ambient": [],
    "water_creature": []
  },
  "temperature": 0.9
}