{
    "feature": {
        "type": "minecraft:geode",
        "config": {
            "blocks": {
                "filling_provider": {
                    "type": "minecraft:weighted_state_provider",
                    "entries": [
                        {
                            "weight": 1,
                            "data": {
                                "Name": "minecraft:deepslate_diamond_ore"
                            }
                        },
                        {
                            "weight": 2,
                            "data": {
                                "Name": "minecraft:deepslate_lapis_ore"
                            }
                        },
                        {
                            "weight": 40,
                            "data": {
                                "Name": "minecraft:deepslate_coal_ore"
                            }
                        },
                        {
                            "weight": 16000,
                            "data": {
                                "Name": "minecraft:deepslate",
                                "Properties": {
                                    "axis": "y"
                                }
                            }
                        }
                    ]
                },
                "inner_layer_provider": {
                    "type": "minecraft:weighted_state_provider",
                    "entries": [
                        {
                            "weight": 1,
                            "data": {
                                "Name": "minecraft:deepslate_diamond_ore"
                            }
                        },
                        {
                            "weight": 2,
                            "data": {
                                "Name": "minecraft:deepslate_lapis_ore"
                            }
                        },
                        {
                            "weight": 40,
                            "data": {
                                "Name": "minecraft:deepslate_coal_ore"
                            }
                        },
                        {
                            "weight": 16000,
                            "data": {
                                "Name": "minecraft:deepslate",
                                "Properties": {
                                    "axis": "y"
                                }
                            }
                        }
                    ]
                },
                "alternate_inner_layer_provider": {
                    "type": "minecraft:simple_state_provider",
                    "state": {
                        "Name": "minecraft:stone"
                    }
                },
                "middle_layer_provider": {
                    "type": "minecraft:weighted_state_provider",
                    "entries": [
                        {
                            "weight": 1,
                            "data": {
                                "Name": "minecraft:deepslate_diamond_ore"
                            }
                        },
                        {
                            "weight": 2,
                            "data": {
                                "Name": "minecraft:deepslate_lapis_ore"
                            }
                        },
                        {
                            "weight": 40,
                            "data": {
                                "Name": "minecraft:deepslate_coal_ore"
                            }
                        },
                        {
                            "weight": 16000,
                            "data": {
                                "Name": "minecraft:deepslate",
                                "Properties": {
                                    "axis": "y"
                                }
                            }
                        }
                    ]
                },
                "outer_layer_provider": {
                    "type": "minecraft:weighted_state_provider",
                    "entries": [
                        {
                            "weight": 1,
                            "data": {
                                "Name": "minecraft:deepslate_diamond_ore"
                            }
                        },
                        {
                            "weight": 2,
                            "data": {
                                "Name": "minecraft:deepslate_lapis_ore"
                            }
                        },
                        {
                            "weight": 40,
                            "data": {
                                "Name": "minecraft:deepslate_coal_ore"
                            }
                        },
                        {
                            "weight": 16000,
                            "data": {
                                "Name": "minecraft:deepslate",
                                "Properties": {
                                    "axis": "y"
                                }
                            }
                        }
                    ]
                },
                "inner_placements": [
                    {
                        "Name": "minecraft:deepslate",
                        "Properties": {
                            "axis": "y"
                        }
                    }
                ],
                "cannot_replace": "#vare:cannot_replace_tepui",
                "invalid_blocks": "#minecraft:features_cannot_replace"
            },
            "layers": {
                "filling": 3,
                "inner_layer": 5,
                "middle_layer": 7,
                "outer_layer": 9
            },
            "crack": {
                "generate_crack_chance": 0,
                "base_crack_size": 3,
                "crack_point_offset": 2
            },
            "noise_multiplier": 0.035,
            "use_potential_placements_chance": 0.35,
            "use_alternate_layer0_chance": 0.085,
            "placements_require_layer0_alternate": true,
            "distribution_points": {
                "type": "minecraft:uniform",
                "min_inclusive": 3,
                "max_inclusive": 3
            },
            "point_offset": {
                "type": "minecraft:uniform",
                "min_inclusive": 5,
                "max_inclusive": 8
            },
            "min_gen_offset": -15,
            "max_gen_offset": 15,
            "invalid_blocks_threshold": 255
        }
    },
    "placement": [
        {
            "type": "minecraft:count",
            "count": 128
        },
        {
            "type": "minecraft:height_range",
            "height": {
                "absolute": 0
            }
        },
        {
            "type": "minecraft:random_offset",
            "xz_spread": {
                "type": "minecraft:uniform",
                "min_inclusive": 0,
                "max_inclusive": 16
            },
            "y_spread": 0
        },
        {
            "type": "minecraft:surface_relative_threshold_filter",
            "heightmap": "WORLD_SURFACE_WG",
            "min_inclusive": -200,
            "max_inclusive": -140
        },
        {
            "type": "minecraft:heightmap",
            "heightmap": "WORLD_SURFACE"
        },
        {
            "type": "minecraft:biome"
        }
    ]
}