{
    "config": {
        "features": [
            {
                "feature": "vare:vegetation/tree/spruce/branch/2_east",
                "placement": [
                    {
                        "xz_spread": 0,
                        "y_spread": {
                            "min_inclusive": 0,
                            "max_inclusive": 1,
                            "type": "minecraft:uniform"
                        },
                        "type": "minecraft:random_offset"
                    }
                ]
            },
            {
                "feature": "vare:vegetation/tree/spruce/branch/2_south",
                "placement": [
                    {
                        "xz_spread": 0,
                        "y_spread": {
                            "min_inclusive": 0,
                            "max_inclusive": 1,
                            "type": "minecraft:uniform"
                        },
                        "type": "minecraft:random_offset"
                    }
                ]
            },
            {
                "feature": "vare:vegetation/tree/spruce/branch/2_west",
                "placement": [
                    {
                        "xz_spread": 0,
                        "y_spread": {
                            "min_inclusive": 0,
                            "max_inclusive": 1,
                            "type": "minecraft:uniform"
                        },
                        "type": "minecraft:random_offset"
                    }
                ]
            },
            {
                "feature": "vare:vegetation/tree/spruce/branch/2_north",
                "placement": [
                    {
                        "xz_spread": 0,
                        "y_spread": {
                            "min_inclusive": 0,
                            "max_inclusive": 1,
                            "type": "minecraft:uniform"
                        },
                        "type": "minecraft:random_offset"
                    }
                ]
            }
        ]
    },
    "type": "minecraft:simple_random_selector"
}