{
    "config": {
        "features": [
            {
                "feature": {
                    "config": {
                        "layers": [
                            {
                                "height": {
                                    "min_inclusive": 1,
                                    "max_inclusive": 3,
                                    "type": "minecraft:uniform"
                                },
                                "provider": {
                                    "state": {
                                        "Properties": {
                                            "axis": "y"
                                        },
                                        "Name": "minecraft:stripped_acacia_wood"
                                    },
                                    "type": "minecraft:simple_state_provider"
                                }
                            },
                            {
                                "height": {
                                    "distribution": [
                                        {
                                            "data": 0,
                                            "weight": 4
                                        },
                                        {
                                            "data": 1,
                                            "weight": 1
                                        }
                                    ],
                                    "type": "minecraft:weighted_list"
                                },
                                "provider": {
                                    "entries": [
                                        {
                                            "data": {
                                                "Properties": {
                                                    "down": "true",
                                                    "east": "false",
                                                    "north": "false",
                                                    "south": "false",
                                                    "up": "false",
                                                    "west": "false",
                                                    "waterlogged": "false"
                                                },
                                                "Name": "minecraft:glow_lichen"
                                            },
                                            "weight": 4
                                        },
                                        {
                                            "data": {
                                                "Name": "minecraft:moss_carpet"
                                            },
                                            "weight": 1
                                        }
                                    ],
                                    "type": "minecraft:weighted_state_provider"
                                }
                            }
                        ],
                        "direction": "up",
                        "allowed_placement": {
                            "type": "minecraft:replaceable"
                        },
                        "prioritize_tip": false
                    },
                    "type": "minecraft:block_column"
                },
                "placement": [
                    {
                        "count": 112,
                        "type": "minecraft:count"
                    },
                    {
                        "xz_spread": {
                            "type": "minecraft:uniform",
                            "min_inclusive": -4,
                            "max_inclusive": 4
                        },
                        "y_spread": {
                            "type": "minecraft:uniform",
                            "min_inclusive": -2,
                            "max_inclusive": 3
                        },
                        "type": "minecraft:random_offset"
                    },
                    {
                        "predicate": {
                            "predicates": [
                                {
                                    "type": "minecraft:replaceable"
                                },
                                {
                                    "predicates": [
                                        {
                                            "offset": [
                                                0,
                                                -1,
                                                0
                                            ],
                                            "blocks": "#vare:dirt",
                                            "type": "minecraft:matching_blocks"
                                        },
                                        {
                                            "offset": [
                                                0,
                                                -1,
                                                0
                                            ],
                                            "blocks": "minecraft:stripped_acacia_wood",
                                            "type": "minecraft:matching_blocks"
                                        }
                                    ],
                                    "type": "minecraft:any_of"
                                }
                            ],
                            "type": "minecraft:all_of"
                        },
                        "type": "minecraft:block_predicate_filter"
                    },
                    {
                        "predicate": {
                            "predicates": [
                                {
                                    "offset": [
                                        1,
                                        3,
                                        0
                                    ],
                                    "blocks": [
                                        "minecraft:stripped_acacia_log",
                                        "minecraft:stripped_acacia_wood"
                                    ],
                                    "type": "minecraft:matching_blocks"
                                },
                                {
                                    "offset": [
                                        0,
                                        3,
                                        1
                                    ],
                                    "blocks": [
                                        "minecraft:stripped_acacia_log",
                                        "minecraft:stripped_acacia_wood"
                                    ],
                                    "type": "minecraft:matching_blocks"
                                },
                                {
                                    "offset": [
                                        -1,
                                        3,
                                        0
                                    ],
                                    "blocks": [
                                        "minecraft:stripped_acacia_log",
                                        "minecraft:stripped_acacia_wood"
                                    ],
                                    "type": "minecraft:matching_blocks"
                                },
                                {
                                    "offset": [
                                        0,
                                        3,
                                        -1
                                    ],
                                    "blocks": [
                                        "minecraft:stripped_acacia_log",
                                        "minecraft:stripped_acacia_wood"
                                    ],
                                    "type": "minecraft:matching_blocks"
                                }
                            ],
                            "type": "minecraft:any_of"
                        },
                        "type": "minecraft:block_predicate_filter"
                    }
                ]
            }
        ]
    },
    "type": "minecraft:simple_random_selector"
}