{
    "feature": {
        "type": "minecraft:disk",
        "config": {
            "state_provider": {
                "fallback": {
                    "type": "minecraft:simple_state_provider",
                    "state": {
                        "Name": "minecraft:mud"
                    }
                },
                "rules": [
                    {
                        "if_true": {
                            "type": "minecraft:any_of",
                            "predicates": [
                                {
                                    "type": "minecraft:matching_block_tag",
                                    "offset": [
                                        1,
                                        0,
                                        0
                                    ],
                                    "tag": "vare:air_and_plants"
                                },
                                {
                                    "type": "minecraft:matching_block_tag",
                                    "offset": [
                                        -1,
                                        0,
                                        0
                                    ],
                                    "tag": "vare:air_and_plants"
                                },
                                {
                                    "type": "minecraft:matching_block_tag",
                                    "offset": [
                                        0,
                                        0,
                                        1
                                    ],
                                    "tag": "vare:air_and_plants"
                                },
                                {
                                    "type": "minecraft:matching_block_tag",
                                    "offset": [
                                        0,
                                        0,
                                        -1
                                    ],
                                    "tag": "vare:air_and_plants"
                                }
                            ]
                        },
                        "then": {
                            "type": "minecraft:simple_state_provider",
                            "state": {
                                "Name": "minecraft:muddy_mangrove_roots",
                                "Properties": {
                                    "axis": "y"
                                }
                            }
                        }
                    }
                ]
            },
            "target": {
                "type": "minecraft:matching_blocks",
                "blocks": [
                    "minecraft:calcite",
                    "minecraft:diorite",
                    "minecraft:gravel"
                ]
            },
            "radius": {
                "type": "minecraft:uniform",
                "min_inclusive": 3,
                "max_inclusive": 8
            },
            "half_height": 4
        }
    },
    "placement": [
        {
            "type": "minecraft:count",
            "count": 100
        },
        {
            "type": "minecraft:in_square"
        },
        {
            "type": "minecraft:heightmap",
            "heightmap": "OCEAN_FLOOR_WG"
        },
        {
            "type": "minecraft:biome"
        }
    ]
}