{
    "feature": {
        "type": "minecraft:disk",
        "config": {
            "state_provider": {
                "fallback": {
                    "type": "minecraft:simple_state_provider",
                    "state": {
                        "Name": "minecraft:water",
                        "Properties": {
                            "level": "0"
                        }
                    }
                },
                "rules": []
            },
            "target": {
                "type": "minecraft:all_of",
                "predicates": [
                    {
                        "type": "minecraft:any_of",
                        "predicates": [
                            {
                                "type": "minecraft:all_of",
                                "predicates": [
                                    {
                                        "type": "minecraft:matching_fluids",
                                        "offset": [
                                            1,
                                            1,
                                            1
                                        ],
                                        "fluids": "minecraft:water"
                                    },
                                    {
                                        "type": "minecraft:matching_fluids",
                                        "offset": [
                                            1,
                                            1,
                                            0
                                        ],
                                        "fluids": "minecraft:water"
                                    },
                                    {
                                        "type": "minecraft:matching_fluids",
                                        "offset": [
                                            1,
                                            1,
                                            -1
                                        ],
                                        "fluids": "minecraft:water"
                                    },
                                    {
                                        "type": "minecraft:matching_fluids",
                                        "offset": [
                                            0,
                                            1,
                                            1
                                        ],
                                        "fluids": "minecraft:water"
                                    },
                                    {
                                        "type": "minecraft:matching_fluids",
                                        "offset": [
                                            0,
                                            1,
                                            0
                                        ],
                                        "fluids": "minecraft:water"
                                    },
                                    {
                                        "type": "minecraft:matching_fluids",
                                        "offset": [
                                            0,
                                            1,
                                            -1
                                        ],
                                        "fluids": "minecraft:water"
                                    },
                                    {
                                        "type": "minecraft:matching_fluids",
                                        "offset": [
                                            -1,
                                            1,
                                            1
                                        ],
                                        "fluids": "minecraft:water"
                                    },
                                    {
                                        "type": "minecraft:matching_fluids",
                                        "offset": [
                                            -1,
                                            1,
                                            0
                                        ],
                                        "fluids": "minecraft:water"
                                    },
                                    {
                                        "type": "minecraft:matching_fluids",
                                        "offset": [
                                            -1,
                                            1,
                                            -1
                                        ],
                                        "fluids": "minecraft:water"
                                    }
                                ]
                            },
                            {
                                "type": "minecraft:all_of",
                                "predicates": [
                                    {
                                        "type": "minecraft:matching_block_tag",
                                        "offset": [
                                            1,
                                            1,
                                            1
                                        ],
                                        "tag": "vare:air_and_plants"
                                    },
                                    {
                                        "type": "minecraft:matching_block_tag",
                                        "offset": [
                                            1,
                                            1,
                                            0
                                        ],
                                        "tag": "vare:air_and_plants"
                                    },
                                    {
                                        "type": "minecraft:matching_block_tag",
                                        "offset": [
                                            1,
                                            1,
                                            -1
                                        ],
                                        "tag": "vare:air_and_plants"
                                    },
                                    {
                                        "type": "minecraft:matching_block_tag",
                                        "offset": [
                                            0,
                                            1,
                                            1
                                        ],
                                        "tag": "vare:air_and_plants"
                                    },
                                    {
                                        "type": "minecraft:matching_block_tag",
                                        "offset": [
                                            0,
                                            1,
                                            0
                                        ],
                                        "tag": "vare:air_and_plants"
                                    },
                                    {
                                        "type": "minecraft:matching_block_tag",
                                        "offset": [
                                            0,
                                            1,
                                            -1
                                        ],
                                        "tag": "vare:air_and_plants"
                                    },
                                    {
                                        "type": "minecraft:matching_block_tag",
                                        "offset": [
                                            -1,
                                            1,
                                            1
                                        ],
                                        "tag": "vare:air_and_plants"
                                    },
                                    {
                                        "type": "minecraft:matching_block_tag",
                                        "offset": [
                                            -1,
                                            1,
                                            0
                                        ],
                                        "tag": "vare:air_and_plants"
                                    },
                                    {
                                        "type": "minecraft:matching_block_tag",
                                        "offset": [
                                            -1,
                                            1,
                                            -1
                                        ],
                                        "tag": "vare:air_and_plants"
                                    }
                                ]
                            }
                        ]
                    },
                    {
                        "type": "minecraft:matching_blocks",
                        "blocks": [
                            "minecraft:grass_block",
                            "minecraft:dirt",
                            "minecraft:stone",
                            "minecraft:andesite"
                        ]
                    },
                    {
                        "type": "minecraft:has_sturdy_face",
                        "offset": [
                            0,
                            -1,
                            0
                        ],
                        "direction": "up"
                    },
                    {
                        "type": "minecraft:matching_blocks",
                        "offset": [
                            1,
                            0,
                            1
                        ],
                        "blocks": [
                            "minecraft:grass_block",
                            "minecraft:mossy_cobblestone",
                            "minecraft:moss_block",
                            "minecraft:dirt",
                            "minecraft:water",
                            "minecraft:stone",
                            "minecraft:andesite"
                        ]
                    },
                    {
                        "type": "minecraft:matching_blocks",
                        "offset": [
                            1,
                            0,
                            0
                        ],
                        "blocks": [
                            "minecraft:grass_block",
                            "minecraft:mossy_cobblestone",
                            "minecraft:moss_block",
                            "minecraft:dirt",
                            "minecraft:water",
                            "minecraft:stone",
                            "minecraft:andesite"
                        ]
                    },
                    {
                        "type": "minecraft:matching_blocks",
                        "offset": [
                            1,
                            0,
                            -1
                        ],
                        "blocks": [
                            "minecraft:grass_block",
                            "minecraft:mossy_cobblestone",
                            "minecraft:moss_block",
                            "minecraft:dirt",
                            "minecraft:water",
                            "minecraft:stone",
                            "minecraft:andesite"
                        ]
                    },
                    {
                        "type": "minecraft:matching_blocks",
                        "offset": [
                            0,
                            0,
                            1
                        ],
                        "blocks": [
                            "minecraft:grass_block",
                            "minecraft:mossy_cobblestone",
                            "minecraft:moss_block",
                            "minecraft:dirt",
                            "minecraft:water",
                            "minecraft:stone",
                            "minecraft:andesite"
                        ]
                    },
                    {
                        "type": "minecraft:matching_blocks",
                        "offset": [
                            0,
                            0,
                            -1
                        ],
                        "blocks": [
                            "minecraft:grass_block",
                            "minecraft:mossy_cobblestone",
                            "minecraft:moss_block",
                            "minecraft:dirt",
                            "minecraft:water",
                            "minecraft:stone",
                            "minecraft:andesite"
                        ]
                    },
                    {
                        "type": "minecraft:matching_blocks",
                        "offset": [
                            -1,
                            0,
                            1
                        ],
                        "blocks": [
                            "minecraft:grass_block",
                            "minecraft:mossy_cobblestone",
                            "minecraft:moss_block",
                            "minecraft:dirt",
                            "minecraft:water",
                            "minecraft:stone",
                            "minecraft:andesite"
                        ]
                    },
                    {
                        "type": "minecraft:matching_blocks",
                        "offset": [
                            -1,
                            0,
                            0
                        ],
                        "blocks": [
                            "minecraft:grass_block",
                            "minecraft:mossy_cobblestone",
                            "minecraft:moss_block",
                            "minecraft:dirt",
                            "minecraft:water",
                            "minecraft:stone",
                            "minecraft:andesite"
                        ]
                    },
                    {
                        "type": "minecraft:matching_blocks",
                        "offset": [
                            -1,
                            0,
                            -1
                        ],
                        "blocks": [
                            "minecraft:grass_block",
                            "minecraft:mossy_cobblestone",
                            "minecraft:moss_block",
                            "minecraft:dirt",
                            "minecraft:water",
                            "minecraft:stone",
                            "minecraft:andesite"
                        ]
                    }
                ]
            },
            "radius": {
                "type": "minecraft:uniform",
                "min_inclusive": 3,
                "max_inclusive": 5
            },
            "half_height": 4
        }
    },
    "placement": [
        {
            "type": "minecraft:noise_based_count",
            "noise_to_count_ratio": -1,
            "noise_factor": 100,
            "noise_offset": 0.3
        },
        {
            "type": "minecraft:count",
            "count": 30
        },
        {
            "type": "minecraft:in_square"
        },
        {
            "type": "minecraft:heightmap",
            "heightmap": "OCEAN_FLOOR"
        },
        {
            "type": "minecraft:biome"
        }
    ]
}