{
    "feature": {
        "type": "minecraft:disk",
        "config": {
            "state_provider": {
                "fallback": {
                    "type": "minecraft:simple_state_provider",
                    "state": {
                        "Name": "minecraft:mud"
                    }
                },
                "rules": []
            },
            "target": {
                "type": "minecraft:matching_block_tag",
                "tag": "vare:mud_replaceable"
            },
            "radius": {
                "type": "minecraft:uniform",
                "min_inclusive": 5,
                "max_inclusive": 7
            },
            "half_height": 2
        }
    },
    "placement": [
        {
            "type": "minecraft:count",
            "count": 15
        },
        {
            "type": "minecraft:in_square"
        },
        {
            "type": "minecraft:heightmap",
            "heightmap": "OCEAN_FLOOR_WG"
        },
        {
            "type": "minecraft:block_predicate_filter",
            "predicate": {
                "type": "minecraft:matching_fluids",
                "fluids": "minecraft:water"
            }
        },
        {
            "type": "minecraft:biome"
        }
    ]
}