{
    "feature": {
        "type": "minecraft:disk",
        "config": {
            "state_provider": {
                "fallback": {
                    "type": "minecraft:simple_state_provider",
                    "state": {
                        "Name": "minecraft:moss_block"
                    }
                },
                "rules": [
                    {
                        "if_true": {
                            "type": "minecraft:any_of",
                            "predicates": [
                                {
                                    "type": "minecraft:matching_blocks",
                                    "offset": [
                                        1,
                                        0,
                                        0
                                    ],
                                    "blocks": "minecraft:sand"
                                },
                                {
                                    "type": "minecraft:matching_blocks",
                                    "offset": [
                                        -1,
                                        0,
                                        0
                                    ],
                                    "blocks": "minecraft:sand"
                                },
                                {
                                    "type": "minecraft:matching_blocks",
                                    "offset": [
                                        0,
                                        0,
                                        1
                                    ],
                                    "blocks": "minecraft:sand"
                                },
                                {
                                    "type": "minecraft:matching_blocks",
                                    "offset": [
                                        0,
                                        0,
                                        -1
                                    ],
                                    "blocks": "minecraft:sand"
                                }
                            ]
                        },
                        "then": {
                            "type": "minecraft:simple_state_provider",
                            "state": {
                                "Name": "minecraft:grass_block",
                                "Properties": {
                                    "snowy": "false"
                                }
                            }
                        }
                    },
                    {
                        "if_true": {
                            "type": "minecraft:not",
                            "predicate": {
                                "type": "minecraft:all_of",
                                "predicates": [
                                    {
                                        "type": "minecraft:matching_blocks",
                                        "offset": [
                                            1,
                                            0,
                                            0
                                        ],
                                        "blocks": [
                                            "minecraft:grass_block",
                                            "minecraft:moss_block",
                                            "minecraft:coarse_dirt",
                                            "minecraft:air",
                                            "minecraft:water"
                                        ]
                                    },
                                    {
                                        "type": "minecraft:matching_blocks",
                                        "offset": [
                                            -1,
                                            0,
                                            0
                                        ],
                                        "blocks": [
                                            "minecraft:grass_block",
                                            "minecraft:moss_block",
                                            "minecraft:coarse_dirt",
                                            "minecraft:air",
                                            "minecraft:water"
                                        ]
                                    },
                                    {
                                        "type": "minecraft:matching_blocks",
                                        "offset": [
                                            0,
                                            0,
                                            1
                                        ],
                                        "blocks": [
                                            "minecraft:grass_block",
                                            "minecraft:moss_block",
                                            "minecraft:coarse_dirt",
                                            "minecraft:air",
                                            "minecraft:water"
                                        ]
                                    },
                                    {
                                        "type": "minecraft:matching_blocks",
                                        "offset": [
                                            0,
                                            0,
                                            -1
                                        ],
                                        "blocks": [
                                            "minecraft:grass_block",
                                            "minecraft:moss_block",
                                            "minecraft:coarse_dirt",
                                            "minecraft:air",
                                            "minecraft:water"
                                        ]
                                    },
                                    {
                                        "type": "minecraft:matching_blocks",
                                        "offset": [
                                            1,
                                            0,
                                            1
                                        ],
                                        "blocks": [
                                            "minecraft:grass_block",
                                            "minecraft:moss_block",
                                            "minecraft:coarse_dirt",
                                            "minecraft:air",
                                            "minecraft:water"
                                        ]
                                    },
                                    {
                                        "type": "minecraft:matching_blocks",
                                        "offset": [
                                            1,
                                            0,
                                            -1
                                        ],
                                        "blocks": [
                                            "minecraft:grass_block",
                                            "minecraft:moss_block",
                                            "minecraft:coarse_dirt",
                                            "minecraft:air",
                                            "minecraft:water"
                                        ]
                                    },
                                    {
                                        "type": "minecraft:matching_blocks",
                                        "offset": [
                                            2,
                                            0,
                                            0
                                        ],
                                        "blocks": [
                                            "minecraft:grass_block",
                                            "minecraft:moss_block",
                                            "minecraft:coarse_dirt",
                                            "minecraft:air",
                                            "minecraft:water"
                                        ]
                                    },
                                    {
                                        "type": "minecraft:matching_blocks",
                                        "offset": [
                                            -1,
                                            0,
                                            1
                                        ],
                                        "blocks": [
                                            "minecraft:grass_block",
                                            "minecraft:moss_block",
                                            "minecraft:coarse_dirt",
                                            "minecraft:air",
                                            "minecraft:water"
                                        ]
                                    },
                                    {
                                        "type": "minecraft:matching_blocks",
                                        "offset": [
                                            -1,
                                            0,
                                            -1
                                        ],
                                        "blocks": [
                                            "minecraft:grass_block",
                                            "minecraft:moss_block",
                                            "minecraft:coarse_dirt",
                                            "minecraft:air",
                                            "minecraft:water"
                                        ]
                                    },
                                    {
                                        "type": "minecraft:matching_blocks",
                                        "offset": [
                                            -2,
                                            0,
                                            0
                                        ],
                                        "blocks": [
                                            "minecraft:grass_block",
                                            "minecraft:moss_block",
                                            "minecraft:coarse_dirt",
                                            "minecraft:air",
                                            "minecraft:water"
                                        ]
                                    },
                                    {
                                        "type": "minecraft:matching_blocks",
                                        "offset": [
                                            0,
                                            0,
                                            2
                                        ],
                                        "blocks": [
                                            "minecraft:grass_block",
                                            "minecraft:moss_block",
                                            "minecraft:coarse_dirt",
                                            "minecraft:air",
                                            "minecraft:water"
                                        ]
                                    },
                                    {
                                        "type": "minecraft:matching_blocks",
                                        "offset": [
                                            0,
                                            0,
                                            -2
                                        ],
                                        "blocks": [
                                            "minecraft:grass_block",
                                            "minecraft:moss_block",
                                            "minecraft:coarse_dirt",
                                            "minecraft:air",
                                            "minecraft:water"
                                        ]
                                    }
                                ]
                            }
                        },
                        "then": {
                            "type": "minecraft:simple_state_provider",
                            "state": {
                                "Name": "minecraft:grass_block",
                                "Properties": {
                                    "snowy": "false"
                                }
                            }
                        }
                    }
                ]
            },
            "target": {
                "type": "minecraft:all_of",
                "predicates": [
                    {
                        "type": "minecraft:matching_blocks",
                        "blocks": "minecraft:grass_block"
                    }
                ]
            },
            "radius": {
                "type": "minecraft:uniform",
                "min_inclusive": 3,
                "max_inclusive": 5
            },
            "half_height": 3
        }
    },
    "placement": [
        {
            "type": "minecraft:noise_based_count",
            "noise_to_count_ratio": 1,
            "noise_factor": 1000,
            "noise_offset": -0.6
        },
        {
            "type": "minecraft:noise_based_count",
            "noise_to_count_ratio": 1,
            "noise_factor": 80,
            "noise_offset": 0
        },
        {
            "type": "minecraft:count",
            "count": 30
        },
        {
            "type": "minecraft:in_square"
        },
        {
            "type": "minecraft:heightmap",
            "heightmap": "OCEAN_FLOOR"
        },
        {
            "type": "minecraft:biome"
        }
    ]
}