{
    "feature": {
        "type": "minecraft:disk",
        "config": {
            "state_provider": {
                "fallback": {
                    "type": "minecraft:simple_state_provider",
                    "state": {
                        "Name": "minecraft:grass_block",
                        "Properties": {
                            "snowy": "false"
                        }
                    }
                },
                "rules": [
                    {
                        "if_true": {
                            "type": "minecraft:matching_blocks",
                            "offset": [
                                0,
                                1,
                                0
                            ],
                            "blocks": [
                                "minecraft:grass_block"
                            ]
                        },
                        "then": {
                            "type": "minecraft:simple_state_provider",
                            "state": {
                                "Name": "minecraft:coarse_dirt"
                            }
                        }
                    },
                    {
                        "if_true": {
                            "type": "minecraft:all_of",
                            "predicates": [
                                {
                                    "type": "minecraft:matching_blocks",
                                    "offset": [
                                        0,
                                        1,
                                        0
                                    ],
                                    "blocks": "minecraft:air"
                                },
                                {
                                    "type": "minecraft:any_of",
                                    "predicates": [
                                        {
                                            "type": "minecraft:matching_blocks",
                                            "offset": [
                                                1,
                                                0,
                                                0
                                            ],
                                            "blocks": "minecraft:water"
                                        },
                                        {
                                            "type": "minecraft:matching_blocks",
                                            "offset": [
                                                -1,
                                                0,
                                                0
                                            ],
                                            "blocks": "minecraft:water"
                                        },
                                        {
                                            "type": "minecraft:matching_blocks",
                                            "offset": [
                                                0,
                                                0,
                                                1
                                            ],
                                            "blocks": "minecraft:water"
                                        },
                                        {
                                            "type": "minecraft:matching_blocks",
                                            "offset": [
                                                0,
                                                0,
                                                -1
                                            ],
                                            "blocks": "minecraft:water"
                                        }
                                    ]
                                }
                            ]
                        },
                        "then": {
                            "type": "minecraft:simple_state_provider",
                            "state": {
                                "Name": "minecraft:moss_block"
                            }
                        }
                    },
                    {
                        "if_true": {
                            "type": "minecraft:not",
                            "predicate": {
                                "type": "minecraft:matching_blocks",
                                "offset": [
                                    0,
                                    1,
                                    0
                                ],
                                "blocks": [
                                    "minecraft:grass_block",
                                    "minecraft:air"
                                ]
                            }
                        },
                        "then": {
                            "type": "minecraft:simple_state_provider",
                            "state": {
                                "Name": "minecraft:sand"
                            }
                        }
                    }
                ]
            },
            "target": {
                "type": "minecraft:matching_blocks",
                "blocks": [
                    "minecraft:sand"
                ]
            },
            "radius": {
                "type": "minecraft:uniform",
                "min_inclusive": 2,
                "max_inclusive": 5
            },
            "half_height": 4
        }
    },
    "placement": [
        {
            "type": "minecraft:noise_based_count",
            "noise_to_count_ratio": 1,
            "noise_factor": 1000,
            "noise_offset": -0.6
        },
        {
            "type": "minecraft:noise_based_count",
            "noise_to_count_ratio": 1,
            "noise_factor": 80,
            "noise_offset": 0
        },
        {
            "type": "minecraft:count",
            "count": 30
        },
        {
            "type": "minecraft:height_range",
            "height": {
                "absolute": 0
            }
        },
        {
            "type": "minecraft:in_square"
        },
        {
            "type": "minecraft:surface_relative_threshold_filter",
            "heightmap": "WORLD_SURFACE_WG",
            "min_inclusive": -70,
            "max_inclusive": -62
        },
        {
            "type": "minecraft:heightmap",
            "heightmap": "OCEAN_FLOOR"
        }
    ]
}