{
    "feature": {
        "type": "minecraft:disk",
        "config": {
            "state_provider": {
                "fallback": {
                    "type": "minecraft:simple_state_provider",
                    "state": {
                        "Name": "minecraft:water"
                    }
                },
                "rules": []
            },
            "target": {
                "type": "minecraft:all_of",
                "predicates": [
                    {
                        "type": "minecraft:all_of",
                        "predicates": [
                            {
                                "type": "minecraft:matching_blocks",
                                "offset": [
                                    0,
                                    1,
                                    0
                                ],
                                "blocks": [
                                    "minecraft:air"
                                ]
                            },
                            {
                                "type": "minecraft:matching_blocks",
                                "blocks": "minecraft:calcite"
                            },
                            {
                                "type": "minecraft:any_of",
                                "predicates": [
                                    {
                                        "type": "minecraft:matching_blocks",
                                        "offset": [
                                            1,
                                            1,
                                            1
                                        ],
                                        "blocks": [
                                            "minecraft:calcite",
                                            "minecraft:water"
                                        ]
                                    },
                                    {
                                        "type": "minecraft:matching_blocks",
                                        "offset": [
                                            1,
                                            0,
                                            1
                                        ],
                                        "blocks": [
                                            "minecraft:calcite",
                                            "minecraft:water"
                                        ]
                                    }
                                ]
                            },
                            {
                                "type": "minecraft:any_of",
                                "predicates": [
                                    {
                                        "type": "minecraft:matching_blocks",
                                        "offset": [
                                            1,
                                            1,
                                            0
                                        ],
                                        "blocks": [
                                            "minecraft:calcite",
                                            "minecraft:water"
                                        ]
                                    },
                                    {
                                        "type": "minecraft:matching_blocks",
                                        "offset": [
                                            1,
                                            0,
                                            0
                                        ],
                                        "blocks": [
                                            "minecraft:calcite",
                                            "minecraft:water"
                                        ]
                                    }
                                ]
                            },
                            {
                                "type": "minecraft:any_of",
                                "predicates": [
                                    {
                                        "type": "minecraft:matching_blocks",
                                        "offset": [
                                            1,
                                            1,
                                            -1
                                        ],
                                        "blocks": [
                                            "minecraft:calcite",
                                            "minecraft:water"
                                        ]
                                    },
                                    {
                                        "type": "minecraft:matching_blocks",
                                        "offset": [
                                            1,
                                            0,
                                            -1
                                        ],
                                        "blocks": [
                                            "minecraft:calcite",
                                            "minecraft:water"
                                        ]
                                    }
                                ]
                            },
                            {
                                "type": "minecraft:any_of",
                                "predicates": [
                                    {
                                        "type": "minecraft:matching_blocks",
                                        "offset": [
                                            0,
                                            1,
                                            1
                                        ],
                                        "blocks": [
                                            "minecraft:calcite",
                                            "minecraft:water"
                                        ]
                                    },
                                    {
                                        "type": "minecraft:matching_blocks",
                                        "offset": [
                                            0,
                                            0,
                                            1
                                        ],
                                        "blocks": [
                                            "minecraft:calcite",
                                            "minecraft:water"
                                        ]
                                    }
                                ]
                            },
                            {
                                "type": "minecraft:any_of",
                                "predicates": [
                                    {
                                        "type": "minecraft:matching_blocks",
                                        "offset": [
                                            0,
                                            1,
                                            -1
                                        ],
                                        "blocks": [
                                            "minecraft:calcite",
                                            "minecraft:water"
                                        ]
                                    },
                                    {
                                        "type": "minecraft:matching_blocks",
                                        "offset": [
                                            0,
                                            0,
                                            -1
                                        ],
                                        "blocks": [
                                            "minecraft:calcite",
                                            "minecraft:water"
                                        ]
                                    }
                                ]
                            },
                            {
                                "type": "minecraft:any_of",
                                "predicates": [
                                    {
                                        "type": "minecraft:matching_blocks",
                                        "offset": [
                                            -1,
                                            1,
                                            1
                                        ],
                                        "blocks": [
                                            "minecraft:calcite",
                                            "minecraft:water"
                                        ]
                                    },
                                    {
                                        "type": "minecraft:matching_blocks",
                                        "offset": [
                                            -1,
                                            0,
                                            1
                                        ],
                                        "blocks": [
                                            "minecraft:calcite",
                                            "minecraft:water"
                                        ]
                                    }
                                ]
                            },
                            {
                                "type": "minecraft:any_of",
                                "predicates": [
                                    {
                                        "type": "minecraft:matching_blocks",
                                        "offset": [
                                            -1,
                                            1,
                                            0
                                        ],
                                        "blocks": [
                                            "minecraft:calcite",
                                            "minecraft:water"
                                        ]
                                    },
                                    {
                                        "type": "minecraft:matching_blocks",
                                        "offset": [
                                            -1,
                                            0,
                                            0
                                        ],
                                        "blocks": [
                                            "minecraft:calcite",
                                            "minecraft:water"
                                        ]
                                    }
                                ]
                            },
                            {
                                "type": "minecraft:any_of",
                                "predicates": [
                                    {
                                        "type": "minecraft:matching_blocks",
                                        "offset": [
                                            -1,
                                            1,
                                            -1
                                        ],
                                        "blocks": [
                                            "minecraft:calcite",
                                            "minecraft:water"
                                        ]
                                    },
                                    {
                                        "type": "minecraft:matching_blocks",
                                        "offset": [
                                            -1,
                                            0,
                                            -1
                                        ],
                                        "blocks": [
                                            "minecraft:calcite",
                                            "minecraft:water"
                                        ]
                                    }
                                ]
                            }
                        ]
                    }
                ]
            },
            "radius": {
                "type": "minecraft:uniform",
                "min_inclusive": 3,
                "max_inclusive": 7
            },
            "half_height": 1
        }
    },
    "placement": [
        {
            "type": "minecraft:noise_based_count",
            "noise_to_count_ratio": 1,
            "noise_factor": 80,
            "noise_offset": 0.5
        },
        {
            "type": "minecraft:count",
            "count": 60
        },
        {
            "type": "minecraft:height_range",
            "height": {
                "absolute": 0
            }
        },
        {
            "type": "minecraft:in_square"
        },
        {
            "type": "minecraft:surface_relative_threshold_filter",
            "heightmap": "WORLD_SURFACE_WG",
            "min_inclusive": -250,
            "max_inclusive": -64
        },
        {
            "type": "minecraft:heightmap",
            "heightmap": "WORLD_SURFACE_WG"
        },
        {
            "type": "minecraft:biome"
        }
    ]
}