{
    "feature": {
        "type": "minecraft:disk",
        "config": {
            "state_provider": {
                "fallback": {
                    "type": "minecraft:simple_state_provider",
                    "state": {
                        "Name": "minecraft:snow",
                        "Properties": {
                            "layers": "1"
                        }
                    }
                },
                "rules": [
                    {
                        "if_true": {
                            "type": "minecraft:matching_blocks",
                            "blocks": "minecraft:grass_block"
                        },
                        "then": {
                            "type": "minecraft:simple_state_provider",
                            "state": {
                                "Name": "minecraft:grass_block",
                                "Properties": {
                                    "snowy": "true"
                                }
                            }
                        }
                    },
                    {
                        "if_true": {
                            "type": "minecraft:matching_blocks",
                            "blocks": "minecraft:podzol"
                        },
                        "then": {
                            "type": "minecraft:simple_state_provider",
                            "state": {
                                "Name": "minecraft:podzol",
                                "Properties": {
                                    "snowy": "true"
                                }
                            }
                        }
                    },
                    {
                        "if_true": {
                            "type": "minecraft:matching_blocks",
                            "blocks": "minecraft:mycelium"
                        },
                        "then": {
                            "type": "minecraft:simple_state_provider",
                            "state": {
                                "Name": "minecraft:mycelium",
                                "Properties": {
                                    "snowy": "true"
                                }
                            }
                        }
                    }
                ]
            },
            "target": {
                "type": "minecraft:any_of",
                "predicates": [
                    {
                        "type": "minecraft:all_of",
                        "predicates": [
                            {
                                "type": "minecraft:matching_blocks",
                                "blocks": [
                                    "minecraft:grass_block",
                                    "minecraft:podzol",
                                    "minecraft:mycelium"
                                ]
                            }
                        ]
                    },
                    {
                        "type": "minecraft:all_of",
                        "predicates": [
                            {
                                "type": "minecraft:matching_block_tag",
                                "tag": "vare:air_and_plants"
                            },
                            {
                                "type": "minecraft:any_of",
                                "predicates": [
                                    {
                                        "type": "minecraft:has_sturdy_face",
                                        "offset": [
                                            0,
                                            -1,
                                            0
                                        ],
                                        "direction": "up"
                                    },
                                    {
                                        "type": "minecraft:matching_block_tag",
                                        "offset": [
                                            0,
                                            -1,
                                            0
                                        ],
                                        "tag": "minecraft:leaves"
                                    }
                                ]
                            }
                        ]
                    }
                ]
            },
            "radius": {
                "type": "minecraft:uniform",
                "min_inclusive": 3,
                "max_inclusive": 8
            },
            "half_height": 4
        }
    },
    "placement": [
        {
            "type": "minecraft:count",
            "count": 30
        },
        {
            "type": "minecraft:in_square"
        },
        {
            "type": "minecraft:heightmap",
            "heightmap": "WORLD_SURFACE_WG"
        },
        {
            "type": "minecraft:biome"
        }
    ]
}