{
    "feature": {
        "type": "minecraft:disk",
        "config": {
            "state_provider": {
                "fallback": {
                    "type": "minecraft:simple_state_provider",
                    "state": {
                        "Name": "minecraft:coarse_dirt"
                    }
                },
                "rules": []
            },
            "target": {
                "type": "minecraft:all_of",
                "predicates": [
                    {
                        "type": "minecraft:any_of",
                        "predicates": [
                            {
                                "type": "minecraft:all_of",
                                "predicates": [
                                    {
                                        "type": "minecraft:matching_blocks",
                                        "offset": [
                                            0,
                                            0,
                                            0
                                        ],
                                        "blocks": "minecraft:dirt"
                                    },
                                    {
                                        "type": "minecraft:matching_block_tag",
                                        "offset": [
                                            0,
                                            1,
                                            0
                                        ],
                                        "tag": "minecraft:dirt"
                                    },
                                    {
                                        "type": "minecraft:matching_block_tag",
                                        "offset": [
                                            0,
                                            2,
                                            0
                                        ],
                                        "tag": "vare:air_and_plants"
                                    }
                                ]
                            },
                            {
                                "type": "minecraft:all_of",
                                "predicates": [
                                    {
                                        "type": "minecraft:matching_blocks",
                                        "offset": [
                                            0,
                                            0,
                                            0
                                        ],
                                        "blocks": "minecraft:stone"
                                    },
                                    {
                                        "type": "minecraft:matching_block_tag",
                                        "offset": [
                                            0,
                                            1,
                                            0
                                        ],
                                        "tag": "minecraft:dirt"
                                    },
                                    {
                                        "type": "minecraft:matching_block_tag",
                                        "offset": [
                                            0,
                                            2,
                                            0
                                        ],
                                        "tag": "vare:air_and_plants"
                                    },
                                    {
                                        "type": "minecraft:not",
                                        "predicate": {
                                            "type": "minecraft:any_of",
                                            "predicates": [
                                                {
                                                    "type": "minecraft:matching_block_tag",
                                                    "offset": [
                                                        1,
                                                        0,
                                                        0
                                                    ],
                                                    "tag": "vare:air_and_plants"
                                                },
                                                {
                                                    "type": "minecraft:matching_block_tag",
                                                    "offset": [
                                                        -1,
                                                        0,
                                                        0
                                                    ],
                                                    "tag": "vare:air_and_plants"
                                                },
                                                {
                                                    "type": "minecraft:matching_block_tag",
                                                    "offset": [
                                                        0,
                                                        0,
                                                        1
                                                    ],
                                                    "tag": "vare:air_and_plants"
                                                },
                                                {
                                                    "type": "minecraft:matching_block_tag",
                                                    "offset": [
                                                        0,
                                                        0,
                                                        -1
                                                    ],
                                                    "tag": "vare:air_and_plants"
                                                }
                                            ]
                                        }
                                    }
                                ]
                            }
                        ]
                    }
                ]
            },
            "radius": {
                "type": "minecraft:uniform",
                "min_inclusive": 8,
                "max_inclusive": 8
            },
            "half_height": 4
        }
    },
    "placement": [
        {
            "type": "minecraft:count",
            "count": 30
        },
        {
            "type": "minecraft:in_square"
        },
        {
            "type": "minecraft:heightmap",
            "heightmap": "OCEAN_FLOOR"
        }
    ]
}