{
    "feature": {
        "type": "minecraft:disk",
        "config": {
            "state_provider": {
                "fallback": {
                    "type": "minecraft:simple_state_provider",
                    "state": {
                        "Name": "minecraft:rooted_dirt"
                    }
                },
                "rules": [
                    {
                        "if_true": {
                            "type": "minecraft:matching_blocks",
                            "blocks": "minecraft:smooth_basalt"
                        },
                        "then": {
                            "type": "minecraft:simple_state_provider",
                            "state": {
                                "Name": "minecraft:rooted_dirt"
                            }
                        }
                    },
                    {
                        "if_true": {
                            "type": "minecraft:matching_blocks",
                            "offset": [
                                0,
                                1,
                                0
                            ],
                            "blocks": "minecraft:air"
                        },
                        "then": {
                            "type": "minecraft:simple_state_provider",
                            "state": {
                                "Name": "minecraft:grass_block"
                            }
                        }
                    },
                    {
                        "if_true": {
                            "type": "minecraft:matching_blocks",
                            "blocks": "minecraft:deepslate"
                        },
                        "then": {
                            "type": "minecraft:simple_state_provider",
                            "state": {
                                "Name": "minecraft:smooth_basalt"
                            }
                        }
                    }
                ]
            },
            "target": {
                "type": "minecraft:any_of",
                "predicates": [
                    {
                        "type": "minecraft:all_of",
                        "predicates": [
                            {
                                "type": "minecraft:matching_blocks",
                                "blocks": "minecraft:deepslate"
                            },
                            {
                                "type": "minecraft:matching_blocks",
                                "offset": [
                                    0,
                                    1,
                                    0
                                ],
                                "blocks": [
                                    "minecraft:rooted_dirt",
                                    "minecraft:mud"
                                ]
                            }
                        ]
                    },
                    {
                        "type": "minecraft:all_of",
                        "predicates": [
                            {
                                "type": "minecraft:matching_blocks",
                                "blocks": "minecraft:smooth_basalt"
                            },
                            {
                                "type": "minecraft:any_of",
                                "predicates": [
                                    {
                                        "type": "minecraft:matching_blocks",
                                        "offset": [
                                            0,
                                            1,
                                            0
                                        ],
                                        "blocks": "minecraft:water"
                                    },
                                    {
                                        "type": "minecraft:all_of",
                                        "predicates": [
                                            {
                                                "type": "minecraft:matching_blocks",
                                                "offset": [
                                                    0,
                                                    2,
                                                    0
                                                ],
                                                "blocks": "minecraft:air"
                                            },
                                            {
                                                "type": "minecraft:not",
                                                "predicate": {
                                                    "type": "minecraft:matching_block_tag",
                                                    "offset": [
                                                        0,
                                                        1,
                                                        0
                                                    ],
                                                    "tag": "vare:air_and_plants"
                                                }
                                            }
                                        ]
                                    }
                                ]
                            }
                        ]
                    },
                    {
                        "type": "minecraft:all_of",
                        "predicates": [
                            {
                                "type": "minecraft:matching_blocks",
                                "blocks": [
                                    "minecraft:mud"
                                ]
                            },
                            {
                                "type": "minecraft:any_of",
                                "predicates": [
                                    {
                                        "type": "minecraft:matching_blocks",
                                        "offset": [
                                            0,
                                            -1,
                                            0
                                        ],
                                        "blocks": [
                                            "minecraft:smooth_basalt"
                                        ]
                                    },
                                    {
                                        "type": "minecraft:matching_blocks",
                                        "offset": [
                                            0,
                                            -2,
                                            0
                                        ],
                                        "blocks": [
                                            "minecraft:smooth_basalt"
                                        ]
                                    },
                                    {
                                        "type": "minecraft:matching_blocks",
                                        "offset": [
                                            0,
                                            -3,
                                            0
                                        ],
                                        "blocks": [
                                            "minecraft:smooth_basalt"
                                        ]
                                    },
                                    {
                                        "type": "minecraft:matching_blocks",
                                        "offset": [
                                            0,
                                            -4,
                                            0
                                        ],
                                        "blocks": [
                                            "minecraft:smooth_basalt"
                                        ]
                                    },
                                    {
                                        "type": "minecraft:matching_blocks",
                                        "offset": [
                                            0,
                                            -5,
                                            0
                                        ],
                                        "blocks": [
                                            "minecraft:smooth_basalt"
                                        ]
                                    },
                                    {
                                        "type": "minecraft:matching_blocks",
                                        "offset": [
                                            0,
                                            -6,
                                            0
                                        ],
                                        "blocks": [
                                            "minecraft:smooth_basalt"
                                        ]
                                    },
                                    {
                                        "type": "minecraft:matching_blocks",
                                        "offset": [
                                            0,
                                            -7,
                                            0
                                        ],
                                        "blocks": [
                                            "minecraft:smooth_basalt"
                                        ]
                                    },
                                    {
                                        "type": "minecraft:matching_blocks",
                                        "offset": [
                                            0,
                                            -8,
                                            0
                                        ],
                                        "blocks": [
                                            "minecraft:smooth_basalt"
                                        ]
                                    },
                                    {
                                        "type": "minecraft:matching_blocks",
                                        "offset": [
                                            0,
                                            -9,
                                            0
                                        ],
                                        "blocks": [
                                            "minecraft:smooth_basalt"
                                        ]
                                    }
                                ]
                            }
                        ]
                    }
                ]
            },
            "radius": {
                "type": "minecraft:uniform",
                "min_inclusive": 3,
                "max_inclusive": 8
            },
            "half_height": 4
        }
    },
    "placement": [
        {
            "type": "minecraft:count",
            "count": 30
        },
        {
            "type": "minecraft:height_range",
            "height": {
                "absolute": 0
            }
        },
        {
            "type": "minecraft:in_square"
        },
        {
            "type": "minecraft:surface_relative_threshold_filter",
            "heightmap": "WORLD_SURFACE_WG",
            "min_inclusive": -250,
            "max_inclusive": -75
        },
        {
            "type": "minecraft:heightmap",
            "heightmap": "OCEAN_FLOOR"
        },
        {
            "type": "minecraft:random_offset",
            "xz_spread": 0,
            "y_spread": -5
        }
    ]
}