{
    "feature": {
        "type": "minecraft:disk",
        "config": {
            "state_provider": {
                "fallback": {
                    "type": "minecraft:simple_state_provider",
                    "state": {
                        "Name": "minecraft:packed_mud"
                    }
                },
                "rules": [
                    {
                        "if_true": {
                            "type": "minecraft:all_of",
                            "predicates": [
                                {
                                    "type": "minecraft:matching_blocks",
                                    "blocks": "minecraft:stone"
                                },
                                {
                                    "type": "minecraft:any_of",
                                    "predicates": [
                                        {
                                            "type": "minecraft:matching_block_tag",
                                            "offset": [
                                                1,
                                                0,
                                                0
                                            ],
                                            "tag": "vare:air_and_plants"
                                        },
                                        {
                                            "type": "minecraft:matching_block_tag",
                                            "offset": [
                                                -1,
                                                0,
                                                0
                                            ],
                                            "tag": "vare:air_and_plants"
                                        },
                                        {
                                            "type": "minecraft:matching_block_tag",
                                            "offset": [
                                                0,
                                                0,
                                                1
                                            ],
                                            "tag": "vare:air_and_plants"
                                        },
                                        {
                                            "type": "minecraft:matching_block_tag",
                                            "offset": [
                                                0,
                                                0,
                                                -1
                                            ],
                                            "tag": "vare:air_and_plants"
                                        }
                                    ]
                                }
                            ]
                        },
                        "then": {
                            "type": "minecraft:simple_state_provider",
                            "state": {
                                "Name": "minecraft:stone"
                            }
                        }
                    },
                    {
                        "if_true": {
                            "type": "minecraft:all_of",
                            "predicates": [
                                {
                                    "type": "minecraft:matching_block_tag",
                                    "offset": [
                                        0,
                                        1,
                                        0
                                    ],
                                    "tag": "minecraft:dirt"
                                },
                                {
                                    "type": "minecraft:matching_block_tag",
                                    "offset": [
                                        0,
                                        2,
                                        0
                                    ],
                                    "tag": "vare:air_and_plants"
                                }
                            ]
                        },
                        "then": {
                            "type": "minecraft:simple_state_provider",
                            "state": {
                                "Name": "minecraft:rooted_dirt"
                            }
                        }
                    }
                ]
            },
            "target": {
                "type": "minecraft:any_of",
                "predicates": [
                    {
                        "type": "minecraft:all_of",
                        "predicates": [
                            {
                                "type": "minecraft:matching_blocks",
                                "blocks": [
                                    "minecraft:stone",
                                    "minecraft:dirt"
                                ]
                            },
                            {
                                "type": "minecraft:matching_block_tag",
                                "offset": [
                                    0,
                                    2,
                                    0
                                ],
                                "tag": "minecraft:dirt"
                            },
                            {
                                "type": "minecraft:matching_block_tag",
                                "offset": [
                                    0,
                                    3,
                                    0
                                ],
                                "tag": "vare:air_and_plants"
                            }
                        ]
                    },
                    {
                        "type": "minecraft:all_of",
                        "predicates": [
                            {
                                "type": "minecraft:matching_blocks",
                                "blocks": [
                                    "minecraft:stone",
                                    "minecraft:dirt"
                                ]
                            },
                            {
                                "type": "minecraft:matching_block_tag",
                                "offset": [
                                    0,
                                    1,
                                    0
                                ],
                                "tag": "minecraft:dirt"
                            },
                            {
                                "type": "minecraft:matching_block_tag",
                                "offset": [
                                    0,
                                    2,
                                    0
                                ],
                                "tag": "vare:air_and_plants"
                            }
                        ]
                    }
                ]
            },
            "radius": {
                "type": "minecraft:uniform",
                "min_inclusive": 8,
                "max_inclusive": 8
            },
            "half_height": 4
        }
    },
    "placement": [
        {
            "type": "minecraft:count",
            "count": 30
        },
        {
            "type": "minecraft:in_square"
        },
        {
            "type": "minecraft:heightmap",
            "heightmap": "OCEAN_FLOOR"
        }
    ]
}